System call,Windows XP (SP1),Windows XP (SP2),Windows Server 2003 (SP0),Windows Server 2003 (SP2),Windows Server 2003 (R2),Windows Server 2003 (R2 SP2),Windows Vista (SP0),Windows Vista (SP1),Windows Vista (SP2),Windows Server 2008 (SP0),Windows Server 2008 (SP2),Windows Server 2008 (R2),Windows Server 2008 (R2 SP1),Windows 7 (SP0),Windows 7 (SP1),Windows Server 2012 (SP0),Windows Server 2012 (R2),Windows 8 (8.0),Windows 8 (8.1),Windows 10 (1507),Windows 10 (1511),Windows 10 (1607),Windows 10 (1703),Windows 10 (1709),Windows 10 (1803),Windows 10 (1809),Windows 10 (1903),Windows 10 (1909),Windows 10 (2004),Windows 10 (20H2)
NtAcceptConnectPort,0x0060,0x0060,0x0060,0x0060,0x0060,0x0060,0x0060,0x0060,0x0060,0x0060,0x0060,0x0060,0x0060,0x0060,0x0060,0x0061,0x0001,0x0061,0x0001,0x0002,0x0002,0x0002,0x0002,0x0002,0x0002,0x0002,0x0002,0x0002,0x0002,0x0002
NtAccessCheck,0x0061,0x0061,0x0061,0x0061,0x0061,0x0061,0x0061,0x0061,0x0061,0x0061,0x0061,0x0061,0x0061,0x0061,0x0061,0x0062,0x0062,0x0062,0x0062,0x0000,0x0000,0x0000,0x0000,0x0000,0x0000,0x0000,0x0000,0x0000,0x0000,0x0000
NtAccessCheckAndAuditAlarm,0x0026,0x0026,0x0026,0x0026,0x0026,0x0026,0x0026,0x0026,0x0026,0x0026,0x0026,0x0026,0x0026,0x0026,0x0026,0x0027,0x0028,0x0027,0x0028,0x0029,0x0029,0x0029,0x0029,0x0029,0x0029,0x0029,0x0029,0x0029,0x0029,0x0029
NtAccessCheckByType,0x0062,0x0062,0x0062,0x0062,0x0062,0x0062,0x0062,0x0062,0x0062,0x0062,0x0062,0x0062,0x0062,0x0062,0x0062,0x0063,0x0063,0x0063,0x0063,0x0063,0x0063,0x0063,0x0063,0x0063,0x0063,0x0063,0x0063,0x0063,0x0063,0x0063
NtAccessCheckByTypeAndAuditAlarm,0x0056,0x0056,0x0056,0x0056,0x0056,0x0056,0x0056,0x0056,0x0056,0x0056,0x0056,0x0056,0x0056,0x0056,0x0056,0x0057,0x0058,0x0057,0x0058,0x0059,0x0059,0x0059,0x0059,0x0059,0x0059,0x0059,0x0059,0x0059,0x0059,0x0059
NtAccessCheckByTypeResultList,0x0063,0x0063,0x0063,0x0063,0x0063,0x0063,0x0063,0x0063,0x0063,0x0063,0x0063,0x0063,0x0063,0x0063,0x0063,0x0064,0x0064,0x0064,0x0064,0x0064,0x0064,0x0064,0x0064,0x0064,0x0064,0x0064,0x0064,0x0064,0x0064,0x0064
NtAccessCheckByTypeResultListAndAuditAlarm,0x0064,0x0064,0x0064,0x0064,0x0064,0x0064,0x0064,0x0064,0x0064,0x0064,0x0064,0x0064,0x0064,0x0064,0x0064,0x0065,0x0065,0x0065,0x0065,0x0065,0x0065,0x0065,0x0065,0x0065,0x0065,0x0065,0x0065,0x0065,0x0065,0x0065
NtAccessCheckByTypeResultListAndAuditAlarmByHandle,0x0065,0x0065,0x0065,0x0065,0x0065,0x0065,0x0065,0x0065,0x0065,0x0065,0x0065,0x0065,0x0065,0x0065,0x0065,0x0066,0x0066,0x0066,0x0066,0x0066,0x0066,0x0066,0x0066,0x0066,0x0066,0x0066,0x0066,0x0066,0x0066,0x0066
NtAcquireCMFViewOwnership,,,,,,,0x0066,0x0066,0x0066,0x0066,0x0066,,,,,,,,,,,,,,,,,,,
NtAcquireCrossVmMutant,,,,,,,,,,,,,,,,,,,,,,,,,,,,,0x0067,0x0067
NtAcquireProcessActivityReference,,,,,,,,,,,,,,,,,,,,,,,0x0067,0x0067,0x0067,0x0067,0x0067,0x0067,0x0068,0x0068
NtAddAtom,0x0044,0x0044,0x0044,0x0044,0x0044,0x0044,0x0044,0x0044,0x0044,0x0044,0x0044,0x0044,0x0044,0x0044,0x0044,0x0045,0x0046,0x0045,0x0046,0x0047,0x0047,0x0047,0x0047,0x0047,0x0047,0x0047,0x0047,0x0047,0x0047,0x0047
NtAddAtomEx,,,,,,,,,,,,,,,,0x0067,0x0067,0x0067,0x0067,0x0067,0x0067,0x0067,0x0068,0x0068,0x0068,0x0068,0x0068,0x0068,0x0069,0x0069
NtAddBootEntry,0x0066,0x0066,0x0066,0x0066,0x0066,0x0066,0x0067,0x0067,0x0067,0x0067,0x0067,0x0066,0x0066,0x0066,0x0066,0x0068,0x0068,0x0068,0x0068,0x0068,0x0068,0x0068,0x0069,0x0069,0x0069,0x0069,0x0069,0x0069,0x006a,0x006a
NtAddDriverEntry,0x0067,0x0067,0x0067,0x0067,0x0067,0x0067,0x0068,0x0068,0x0068,0x0068,0x0068,0x0067,0x0067,0x0067,0x0067,0x0069,0x0069,0x0069,0x0069,0x0069,0x0069,0x0069,0x006a,0x006a,0x006a,0x006a,0x006a,0x006a,0x006b,0x006b
NtAdjustGroupsToken,0x0068,0x0068,0x0068,0x0068,0x0068,0x0068,0x0069,0x0069,0x0069,0x0069,0x0069,0x0068,0x0068,0x0068,0x0068,0x006a,0x006a,0x006a,0x006a,0x006a,0x006a,0x006a,0x006b,0x006b,0x006b,0x006b,0x006b,0x006b,0x006c,0x006c
NtAdjustPrivilegesToken,0x003e,0x003e,0x003e,0x003e,0x003e,0x003e,0x003e,0x003e,0x003e,0x003e,0x003e,0x003e,0x003e,0x003e,0x003e,0x003f,0x0040,0x003f,0x0040,0x0041,0x0041,0x0041,0x0041,0x0041,0x0041,0x0041,0x0041,0x0041,0x0041,0x0041
NtAdjustTokenClaimsAndDeviceGroups,,,,,,,,,,,,,,,,0x006b,0x006b,0x006b,0x006b,0x006b,0x006b,0x006b,0x006c,0x006c,0x006c,0x006c,0x006c,0x006c,0x006d,0x006d
NtAlertResumeThread,0x0069,0x0069,0x0069,0x0069,0x0069,0x0069,0x006a,0x006a,0x006a,0x006a,0x006a,0x0069,0x0069,0x0069,0x0069,0x006c,0x006c,0x006c,0x006c,0x006c,0x006c,0x006c,0x006d,0x006d,0x006d,0x006d,0x006d,0x006d,0x006e,0x006e
NtAlertThread,0x006a,0x006a,0x006a,0x006a,0x006a,0x006a,0x006b,0x006b,0x006b,0x006b,0x006b,0x006a,0x006a,0x006a,0x006a,0x006d,0x006d,0x006d,0x006d,0x006d,0x006d,0x006d,0x006e,0x006e,0x006e,0x006e,0x006e,0x006e,0x006f,0x006f
NtAlertThreadByThreadId,,,,,,,,,,,,,,,,0x006e,0x006e,0x006e,0x006e,0x006e,0x006e,0x006e,0x006f,0x006f,0x006f,0x006f,0x006f,0x006f,0x0070,0x0070
NtAllocateLocallyUniqueId,0x006b,0x006b,0x006b,0x006b,0x006b,0x006b,0x006c,0x006c,0x006c,0x006c,0x006c,0x006b,0x006b,0x006b,0x006b,0x006f,0x006f,0x006f,0x006f,0x006f,0x006f,0x006f,0x0070,0x0070,0x0070,0x0070,0x0070,0x0070,0x0071,0x0071
NtAllocateReserveObject,,,,,,,,,,,,0x006c,0x006c,0x006c,0x006c,0x0070,0x0070,0x0070,0x0070,0x0070,0x0070,0x0070,0x0071,0x0071,0x0071,0x0071,0x0071,0x0071,0x0072,0x0072
NtAllocateUserPhysicalPages,0x006c,0x006c,0x006c,0x006c,0x006c,0x006c,0x006d,0x006d,0x006d,0x006d,0x006d,0x006d,0x006d,0x006d,0x006d,0x0071,0x0071,0x0071,0x0071,0x0071,0x0071,0x0071,0x0072,0x0072,0x0072,0x0072,0x0072,0x0072,0x0073,0x0073
NtAllocateUserPhysicalPagesEx,,,,,,,,,,,,,,,,,,,,,,,,,,,,,0x0074,0x0074
NtAllocateUuids,0x006d,0x006d,0x006d,0x006d,0x006d,0x006d,0x006e,0x006e,0x006e,0x006e,0x006e,0x006e,0x006e,0x006e,0x006e,0x0072,0x0072,0x0072,0x0072,0x0072,0x0072,0x0072,0x0073,0x0073,0x0073,0x0073,0x0073,0x0073,0x0075,0x0075
NtAllocateVirtualMemory,0x0015,0x0015,0x0015,0x0015,0x0015,0x0015,0x0015,0x0015,0x0015,0x0015,0x0015,0x0015,0x0015,0x0015,0x0015,0x0016,0x0017,0x0016,0x0017,0x0018,0x0018,0x0018,0x0018,0x0018,0x0018,0x0018,0x0018,0x0018,0x0018,0x0018
NtAllocateVirtualMemoryEx,,,,,,,,,,,,,,,,,,,,,,,,,0x0074,0x0074,0x0074,0x0074,0x0076,0x0076
NtAlpcAcceptConnectPort,,,,,,,0x006f,0x006f,0x006f,0x006f,0x006f,0x006f,0x006f,0x006f,0x006f,0x0073,0x0073,0x0073,0x0073,0x0073,0x0073,0x0073,0x0074,0x0074,0x0075,0x0075,0x0075,0x0075,0x0077,0x0077
NtAlpcCancelMessage,,,,,,,0x0070,0x0070,0x0070,0x0070,0x0070,0x0070,0x0070,0x0070,0x0070,0x0074,0x0074,0x0074,0x0074,0x0074,0x0074,0x0074,0x0075,0x0075,0x0076,0x0076,0x0076,0x0076,0x0078,0x0078
NtAlpcConnectPort,,,,,,,0x0071,0x0071,0x0071,0x0071,0x0071,0x0071,0x0071,0x0071,0x0071,0x0075,0x0075,0x0075,0x0075,0x0075,0x0075,0x0075,0x0076,0x0076,0x0077,0x0077,0x0077,0x0077,0x0079,0x0079
NtAlpcConnectPortEx,,,,,,,,,,,,,,,,0x0076,0x0076,0x0076,0x0076,0x0076,0x0076,0x0076,0x0077,0x0077,0x0078,0x0078,0x0078,0x0078,0x007a,0x007a
NtAlpcCreatePort,,,,,,,0x0072,0x0072,0x0072,0x0072,0x0072,0x0072,0x0072,0x0072,0x0072,0x0077,0x0077,0x0077,0x0077,0x0077,0x0077,0x0077,0x0078,0x0078,0x0079,0x0079,0x0079,0x0079,0x007b,0x007b
NtAlpcCreatePortSection,,,,,,,0x0073,0x0073,0x0073,0x0073,0x0073,0x0073,0x0073,0x0073,0x0073,0x0078,0x0078,0x0078,0x0078,0x0078,0x0078,0x0078,0x0079,0x0079,0x007a,0x007a,0x007a,0x007a,0x007c,0x007c
NtAlpcCreateResourceReserve,,,,,,,0x0074,0x0074,0x0074,0x0074,0x0074,0x0074,0x0074,0x0074,0x0074,0x0079,0x0079,0x0079,0x0079,0x0079,0x0079,0x0079,0x007a,0x007a,0x007b,0x007b,0x007b,0x007b,0x007d,0x007d
NtAlpcCreateSectionView,,,,,,,0x0075,0x0075,0x0075,0x0075,0x0075,0x0075,0x0075,0x0075,0x0075,0x007a,0x007a,0x007a,0x007a,0x007a,0x007a,0x007a,0x007b,0x007b,0x007c,0x007c,0x007c,0x007c,0x007e,0x007e
NtAlpcCreateSecurityContext,,,,,,,0x0076,0x0076,0x0076,0x0076,0x0076,0x0076,0x0076,0x0076,0x0076,0x007b,0x007b,0x007b,0x007b,0x007b,0x007b,0x007b,0x007c,0x007c,0x007d,0x007d,0x007d,0x007d,0x007f,0x007f
NtAlpcDeletePortSection,,,,,,,0x0077,0x0077,0x0077,0x0077,0x0077,0x0077,0x0077,0x0077,0x0077,0x007c,0x007c,0x007c,0x007c,0x007c,0x007c,0x007c,0x007d,0x007d,0x007e,0x007e,0x007e,0x007e,0x0080,0x0080
NtAlpcDeleteResourceReserve,,,,,,,0x0078,0x0078,0x0078,0x0078,0x0078,0x0078,0x0078,0x0078,0x0078,0x007d,0x007d,0x007d,0x007d,0x007d,0x007d,0x007d,0x007e,0x007e,0x007f,0x007f,0x007f,0x007f,0x0081,0x0081
NtAlpcDeleteSectionView,,,,,,,0x0079,0x0079,0x0079,0x0079,0x0079,0x0079,0x0079,0x0079,0x0079,0x007e,0x007e,0x007e,0x007e,0x007e,0x007e,0x007e,0x007f,0x007f,0x0080,0x0080,0x0080,0x0080,0x0082,0x0082
NtAlpcDeleteSecurityContext,,,,,,,0x007a,0x007a,0x007a,0x007a,0x007a,0x007a,0x007a,0x007a,0x007a,0x007f,0x007f,0x007f,0x007f,0x007f,0x007f,0x007f,0x0080,0x0080,0x0081,0x0081,0x0081,0x0081,0x0083,0x0083
NtAlpcDisconnectPort,,,,,,,0x007b,0x007b,0x007b,0x007b,0x007b,0x007b,0x007b,0x007b,0x007b,0x0080,0x0080,0x0080,0x0080,0x0080,0x0080,0x0080,0x0081,0x0081,0x0082,0x0082,0x0082,0x0082,0x0084,0x0084
NtAlpcImpersonateClientContainerOfPort,,,,,,,,,,,,,,,,,,,,0x0081,0x0081,0x0081,0x0082,0x0082,0x0083,0x0083,0x0083,0x0083,0x0085,0x0085
NtAlpcImpersonateClientOfPort,,,,,,,0x007c,0x007c,0x007c,0x007c,0x007c,0x007c,0x007c,0x007c,0x007c,0x0081,0x0081,0x0081,0x0081,0x0082,0x0082,0x0082,0x0083,0x0083,0x0084,0x0084,0x0084,0x0084,0x0086,0x0086
NtAlpcOpenSenderProcess,,,,,,,0x007d,0x007d,0x007d,0x007d,0x007d,0x007d,0x007d,0x007d,0x007d,0x0082,0x0082,0x0082,0x0082,0x0083,0x0083,0x0083,0x0084,0x0084,0x0085,0x0085,0x0085,0x0085,0x0087,0x0087
NtAlpcOpenSenderThread,,,,,,,0x007e,0x007e,0x007e,0x007e,0x007e,0x007e,0x007e,0x007e,0x007e,0x0083,0x0083,0x0083,0x0083,0x0084,0x0084,0x0084,0x0085,0x0085,0x0086,0x0086,0x0086,0x0086,0x0088,0x0088
NtAlpcQueryInformation,,,,,,,0x007f,0x007f,0x007f,0x007f,0x007f,0x007f,0x007f,0x007f,0x007f,0x0084,0x0084,0x0084,0x0084,0x0085,0x0085,0x0085,0x0086,0x0086,0x0087,0x0087,0x0087,0x0087,0x0089,0x0089
NtAlpcQueryInformationMessage,,,,,,,0x0080,0x0080,0x0080,0x0080,0x0080,0x0080,0x0080,0x0080,0x0080,0x0085,0x0085,0x0085,0x0085,0x0086,0x0086,0x0086,0x0087,0x0087,0x0088,0x0088,0x0088,0x0088,0x008a,0x008a
NtAlpcRevokeSecurityContext,,,,,,,0x0081,0x0081,0x0081,0x0081,0x0081,0x0081,0x0081,0x0081,0x0081,0x0086,0x0086,0x0086,0x0086,0x0087,0x0087,0x0087,0x0088,0x0088,0x0089,0x0089,0x0089,0x0089,0x008b,0x008b
NtAlpcSendWaitReceivePort,,,,,,,0x0082,0x0082,0x0082,0x0082,0x0082,0x0082,0x0082,0x0082,0x0082,0x0087,0x0087,0x0087,0x0087,0x0088,0x0088,0x0088,0x0089,0x0089,0x008a,0x008a,0x008a,0x008a,0x008c,0x008c
NtAlpcSetInformation,,,,,,,0x0083,0x0083,0x0083,0x0083,0x0083,0x0083,0x0083,0x0083,0x0083,0x0088,0x0088,0x0088,0x0088,0x0089,0x0089,0x0089,0x008a,0x008a,0x008b,0x008b,0x008b,0x008b,0x008d,0x008d
NtApphelpCacheControl,0x0049,0x0049,0x0049,0x0049,0x0049,0x0049,0x0049,0x0049,0x0049,0x0049,0x0049,0x0049,0x0049,0x0049,0x0049,0x004a,0x004b,0x004a,0x004b,0x004c,0x004c,0x004c,0x004c,0x004c,0x004c,0x004c,0x004c,0x004c,0x004c,0x004c
NtAreMappedFilesTheSame,0x006e,0x006e,0x006e,0x006e,0x006e,0x006e,0x0084,0x0084,0x0084,0x0084,0x0084,0x0084,0x0084,0x0084,0x0084,0x0089,0x0089,0x0089,0x0089,0x008a,0x008a,0x008a,0x008b,0x008b,0x008c,0x008c,0x008c,0x008c,0x008e,0x008e
NtAssignProcessToJobObject,0x006f,0x006f,0x006f,0x006f,0x006f,0x006f,0x0085,0x0085,0x0085,0x0085,0x0085,0x0085,0x0085,0x0085,0x0085,0x008a,0x008a,0x008a,0x008a,0x008b,0x008b,0x008b,0x008c,0x008c,0x008d,0x008d,0x008d,0x008d,0x008f,0x008f
NtAssociateWaitCompletionPacket,,,,,,,,,,,,,,,,0x008b,0x008b,0x008b,0x008b,0x008c,0x008c,0x008c,0x008d,0x008d,0x008e,0x008e,0x008e,0x008e,0x0090,0x0090
NtCallEnclave,,,,,,,,,,,,,,,,,,,,,,,,0x008e,0x008f,0x008f,0x008f,0x008f,0x0091,0x0091
NtCallbackReturn,0x0002,0x0002,0x0002,0x0002,0x0002,0x0002,0x0002,0x0002,0x0002,0x0002,0x0002,0x0002,0x0002,0x0002,0x0002,0x0003,0x0004,0x0003,0x0004,0x0005,0x0005,0x0005,0x0005,0x0005,0x0005,0x0005,0x0005,0x0005,0x0005,0x0005
NtCancelDeviceWakeupRequest,0x0070,0x0070,0x0070,0x0070,0x0070,0x0070,0x0086,0x0086,0x0086,0x0138,0x0086,,,,,,,,,,,,,,,,,,,
NtCancelIoFile,0x005a,0x005a,0x005a,0x005a,0x005a,0x005a,0x005a,0x005a,0x005a,0x005a,0x005a,0x005a,0x005a,0x005a,0x005a,0x005b,0x005c,0x005b,0x005c,0x005d,0x005d,0x005d,0x005d,0x005d,0x005d,0x005d,0x005d,0x005d,0x005d,0x005d
NtCancelIoFileEx,,,,,,,0x0087,0x0087,0x0087,0x0087,0x0087,0x0086,0x0086,0x0086,0x0086,0x008c,0x008c,0x008c,0x008c,0x008d,0x008d,0x008d,0x008e,0x008f,0x0090,0x0090,0x0090,0x0090,0x0092,0x0092
NtCancelSynchronousIoFile,,,,,,,0x0088,0x0088,0x0088,0x0088,0x0088,0x0087,0x0087,0x0087,0x0087,0x008d,0x008d,0x008d,0x008d,0x008e,0x008e,0x008e,0x008f,0x0090,0x0091,0x0091,0x0091,0x0091,0x0093,0x0093
NtCancelTimer,0x005e,0x005e,0x005e,0x005e,0x005e,0x005e,0x005e,0x005e,0x005e,0x005e,0x005e,0x005e,0x005e,0x005e,0x005e,0x005f,0x0060,0x005f,0x0060,0x0061,0x0061,0x0061,0x0061,0x0061,0x0061,0x0061,0x0061,0x0061,0x0061,0x0061
NtCancelTimer2,,,,,,,,,,,,,,,,,0x008e,,0x008e,0x008f,0x008f,0x008f,0x0090,0x0091,0x0092,0x0092,0x0092,0x0092,0x0094,0x0094
NtCancelWaitCompletionPacket,,,,,,,,,,,,,,,,0x008e,0x008f,0x008e,0x008f,0x0090,0x0090,0x0090,0x0091,0x0092,0x0093,0x0093,0x0093,0x0093,0x0095,0x0095
NtClearAllSavepointsTransaction,,,,,,,0x0089,,,,,,,,,,,,,,,,,,,,,,,
NtClearEvent,0x003b,0x003b,0x003b,0x003b,0x003b,0x003b,0x003b,0x003b,0x003b,0x003b,0x003b,0x003b,0x003b,0x003b,0x003b,0x003c,0x003d,0x003c,0x003d,0x003e,0x003e,0x003e,0x003e,0x003e,0x003e,0x003e,0x003e,0x003e,0x003e,0x003e
NtClearSavepointTransaction,,,,,,,0x008a,,,,,,,,,,,,,,,,,,,,,,,
NtClose,0x000c,0x000c,0x000c,0x000c,0x000c,0x000c,0x000c,0x000c,0x000c,0x000c,0x000c,0x000c,0x000c,0x000c,0x000c,0x000d,0x000e,0x000d,0x000e,0x000f,0x000f,0x000f,0x000f,0x000f,0x000f,0x000f,0x000f,0x000f,0x000f,0x000f
NtCloseObjectAuditAlarm,0x0038,0x0038,0x0038,0x0038,0x0038,0x0038,0x0038,0x0038,0x0038,0x0038,0x0038,0x0038,0x0038,0x0038,0x0038,0x0039,0x003a,0x0039,0x003a,0x003b,0x003b,0x003b,0x003b,0x003b,0x003b,0x003b,0x003b,0x003b,0x003b,0x003b
NtCommitComplete,,,,,,,0x008b,0x0089,0x0089,0x0089,0x0089,0x0088,0x0088,0x0088,0x0088,0x008f,0x0090,0x008f,0x0090,0x0091,0x0091,0x0091,0x0092,0x0093,0x0094,0x0094,0x0094,0x0094,0x0096,0x0096
NtCommitEnlistment,,,,,,,0x008c,0x008a,0x008a,0x008a,0x008a,0x0089,0x0089,0x0089,0x0089,0x0090,0x0091,0x0090,0x0091,0x0092,0x0092,0x0092,0x0093,0x0094,0x0095,0x0095,0x0095,0x0095,0x0097,0x0097
NtCommitRegistryTransaction,,,,,,,,,,,,,,,,,,,,,,0x0093,0x0094,0x0095,0x0096,0x0096,0x0096,0x0096,0x0098,0x0098
NtCommitTransaction,,,,,,,0x008d,0x008b,0x008b,0x008b,0x008b,0x008a,0x008a,0x008a,0x008a,0x0091,0x0092,0x0091,0x0092,0x0093,0x0093,0x0094,0x0095,0x0096,0x0097,0x0097,0x0097,0x0097,0x0099,0x0099
NtCompactKeys,0x0071,0x0071,0x0071,0x0071,0x0071,0x0071,0x008e,0x008c,0x008c,0x008c,0x008c,0x008b,0x008b,0x008b,0x008b,0x0092,0x0093,0x0092,0x0093,0x0094,0x0094,0x0095,0x0096,0x0097,0x0098,0x0098,0x0098,0x0098,0x009a,0x009a
NtCompareObjects,,,,,,,,,,,,,,,,,,,,0x0095,0x0095,0x0096,0x0097,0x0098,0x0099,0x0099,0x0099,0x0099,0x009b,0x009b
NtCompareSigningLevels,,,,,,,,,,,,,,,,,,,,,,,0x0098,0x0099,0x009a,0x009a,0x009a,0x009a,0x009c,0x009c
NtCompareTokens,0x0072,0x0072,0x0072,0x0072,0x0072,0x0072,0x008f,0x008d,0x008d,0x008d,0x008d,0x008c,0x008c,0x008c,0x008c,0x0093,0x0094,0x0093,0x0094,0x0096,0x0096,0x0097,0x0099,0x009a,0x009b,0x009b,0x009b,0x009b,0x009d,0x009d
NtCompleteConnectPort,0x0073,0x0073,0x0073,0x0073,0x0073,0x0073,0x0090,0x008e,0x008e,0x008e,0x008e,0x008d,0x008d,0x008d,0x008d,0x0094,0x0095,0x0094,0x0095,0x0097,0x0097,0x0098,0x009a,0x009b,0x009c,0x009c,0x009c,0x009c,0x009e,0x009e
NtCompressKey,0x0074,0x0074,0x0074,0x0074,0x0074,0x0074,0x0091,0x008f,0x008f,0x008f,0x008f,0x008e,0x008e,0x008e,0x008e,0x0095,0x0096,0x0095,0x0096,0x0098,0x0098,0x0099,0x009b,0x009c,0x009d,0x009d,0x009d,0x009d,0x009f,0x009f
NtConnectPort,0x0075,0x0075,0x0075,0x0075,0x0075,0x0075,0x0092,0x0090,0x0090,0x0090,0x0090,0x008f,0x008f,0x008f,0x008f,0x0096,0x0097,0x0096,0x0097,0x0099,0x0099,0x009a,0x009c,0x009d,0x009e,0x009e,0x009e,0x009e,0x00a0,0x00a0
NtContinue,0x0040,0x0040,0x0040,0x0040,0x0040,0x0040,0x0040,0x0040,0x0040,0x0040,0x0040,0x0040,0x0040,0x0040,0x0040,0x0041,0x0042,0x0041,0x0042,0x0043,0x0043,0x0043,0x0043,0x0043,0x0043,0x0043,0x0043,0x0043,0x0043,0x0043
NtContinueEx,,,,,,,,,,,,,,,,,,,,,,,,,,,,,0x00a1,0x00a1
NtConvertBetweenAuxiliaryCounterAndPerformanceCounter,,,,,,,,,,,,,,,,,,,,,,,0x009d,0x009e,0x009f,0x009f,0x009f,0x009f,0x00a2,0x00a2
NtCreateCrossVmEvent,,,,,,,,,,,,,,,,,,,,,,,,,,,0x00a0,0x00a0,0x00a3,0x00a3
NtCreateCrossVmMutant,,,,,,,,,,,,,,,,,,,,,,,,,,,,,0x00a4,0x00a4
NtCreateDebugObject,0x0076,0x0076,0x0076,0x0076,0x0076,0x0076,0x0093,0x0091,0x0091,0x0091,0x0091,0x0090,0x0090,0x0090,0x0090,0x0097,0x0098,0x0097,0x0098,0x009a,0x009a,0x009b,0x009e,0x009f,0x00a0,0x00a0,0x00a1,0x00a1,0x00a5,0x00a5
NtCreateDirectoryObject,0x0077,0x0077,0x0077,0x0077,0x0077,0x0077,0x0094,0x0092,0x0092,0x0092,0x0092,0x0091,0x0091,0x0091,0x0091,0x0098,0x0099,0x0098,0x0099,0x009b,0x009b,0x009c,0x009f,0x00a0,0x00a1,0x00a1,0x00a2,0x00a2,0x00a6,0x00a6
NtCreateDirectoryObjectEx,,,,,,,,,,,,,,,,0x0099,0x009a,0x0099,0x009a,0x009c,0x009c,0x009d,0x00a0,0x00a1,0x00a2,0x00a2,0x00a3,0x00a3,0x00a7,0x00a7
NtCreateEnclave,,,,,,,,,,,,,,,,,,,,,0x009d,0x009e,0x00a1,0x00a2,0x00a3,0x00a3,0x00a4,0x00a4,0x00a8,0x00a8
NtCreateEnlistment,,,,,,,0x0095,0x0093,0x0093,0x0093,0x0093,0x0092,0x0092,0x0092,0x0092,0x009a,0x009b,0x009a,0x009b,0x009d,0x009e,0x009f,0x00a2,0x00a3,0x00a4,0x00a4,0x00a5,0x00a5,0x00a9,0x00a9
NtCreateEvent,0x0045,0x0045,0x0045,0x0045,0x0045,0x0045,0x0045,0x0045,0x0045,0x0045,0x0045,0x0045,0x0045,0x0045,0x0045,0x0046,0x0047,0x0046,0x0047,0x0048,0x0048,0x0048,0x0048,0x0048,0x0048,0x0048,0x0048,0x0048,0x0048,0x0048
NtCreateEventPair,0x0078,0x0078,0x0078,0x0078,0x0078,0x0078,0x0096,0x0094,0x0094,0x0094,0x0094,0x0093,0x0093,0x0093,0x0093,0x009b,0x009c,0x009b,0x009c,0x009e,0x009f,0x00a0,0x00a3,0x00a4,0x00a5,0x00a5,0x00a6,0x00a6,0x00aa,0x00aa
NtCreateFile,0x0052,0x0052,0x0052,0x0052,0x0052,0x0052,0x0052,0x0052,0x0052,0x0052,0x0052,0x0052,0x0052,0x0052,0x0052,0x0053,0x0054,0x0053,0x0054,0x0055,0x0055,0x0055,0x0055,0x0055,0x0055,0x0055,0x0055,0x0055,0x0055,0x0055
NtCreateIRTimer,,,,,,,,,,,,,,,,0x009c,0x009d,0x009c,0x009d,0x009f,0x00a0,0x00a1,0x00a4,0x00a5,0x00a6,0x00a6,0x00a7,0x00a7,0x00ab,0x00ab
NtCreateIoCompletion,0x0079,0x0079,0x0079,0x0079,0x0079,0x0079,0x0097,0x0095,0x0095,0x0095,0x0095,0x0094,0x0094,0x0094,0x0094,0x009d,0x009e,0x009d,0x009e,0x00a0,0x00a1,0x00a2,0x00a5,0x00a6,0x00a7,0x00a7,0x00a8,0x00a8,0x00ac,0x00ac
NtCreateJobObject,0x007a,0x007a,0x007a,0x007a,0x007a,0x007a,0x0098,0x0096,0x0096,0x0096,0x0096,0x0095,0x0095,0x0095,0x0095,0x009e,0x009f,0x009e,0x009f,0x00a1,0x00a2,0x00a3,0x00a6,0x00a7,0x00a8,0x00a8,0x00a9,0x00a9,0x00ad,0x00ad
NtCreateJobSet,0x007b,0x007b,0x007b,0x007b,0x007b,0x007b,0x0099,0x0097,0x0097,0x0097,0x0097,0x0096,0x0096,0x0096,0x0096,0x009f,0x00a0,0x009f,0x00a0,0x00a2,0x00a3,0x00a4,0x00a7,0x00a8,0x00a9,0x00a9,0x00aa,0x00aa,0x00ae,0x00ae
NtCreateKey,0x001a,0x001a,0x001a,0x001a,0x001a,0x001a,0x001a,0x001a,0x001a,0x001a,0x001a,0x001a,0x001a,0x001a,0x001a,0x001b,0x001c,0x001b,0x001c,0x001d,0x001d,0x001d,0x001d,0x001d,0x001d,0x001d,0x001d,0x001d,0x001d,0x001d
NtCreateKeyTransacted,,,,,,,0x009a,0x0098,0x0098,0x0098,0x0098,0x0097,0x0097,0x0097,0x0097,0x00a0,0x00a1,0x00a0,0x00a1,0x00a3,0x00a4,0x00a5,0x00a8,0x00a9,0x00aa,0x00aa,0x00ab,0x00ab,0x00af,0x00af
NtCreateKeyedEvent,0x007c,0x007c,0x007c,0x007c,0x007c,0x007c,0x009b,0x0099,0x0099,0x0099,0x0099,0x0098,0x0098,0x0098,0x0098,0x00a1,0x00a2,0x00a1,0x00a2,0x00a4,0x00a5,0x00a6,0x00a9,0x00aa,0x00ab,0x00ab,0x00ac,0x00ac,0x00b0,0x00b0
NtCreateLowBoxToken,,,,,,,,,,,,,,,,0x00a2,0x00a3,0x00a2,0x00a3,0x00a5,0x00a6,0x00a7,0x00aa,0x00ab,0x00ac,0x00ac,0x00ad,0x00ad,0x00b1,0x00b1
NtCreateMailslotFile,0x007d,0x007d,0x007d,0x007d,0x007d,0x007d,0x009c,0x009a,0x009a,0x009a,0x009a,0x0099,0x0099,0x0099,0x0099,0x00a3,0x00a4,0x00a3,0x00a4,0x00a6,0x00a7,0x00a8,0x00ab,0x00ac,0x00ad,0x00ad,0x00ae,0x00ae,0x00b2,0x00b2
NtCreateMutant,0x007e,0x007e,0x007e,0x007e,0x007e,0x007e,0x009d,0x009b,0x009b,0x009b,0x009b,0x009a,0x009a,0x009a,0x009a,0x00a4,0x00a5,0x00a4,0x00a5,0x00a7,0x00a8,0x00a9,0x00ac,0x00ad,0x00ae,0x00ae,0x00af,0x00af,0x00b3,0x00b3
NtCreateNamedPipeFile,0x007f,0x007f,0x007f,0x007f,0x007f,0x007f,0x009e,0x009c,0x009c,0x009c,0x009c,0x009b,0x009b,0x009b,0x009b,0x00a5,0x00a6,0x00a5,0x00a6,0x00a8,0x00a9,0x00aa,0x00ad,0x00ae,0x00af,0x00af,0x00b0,0x00b0,0x00b4,0x00b4
NtCreatePagingFile,0x0080,0x0080,0x0080,0x0080,0x0080,0x0080,0x009f,0x009d,0x009d,0x009d,0x009d,0x009c,0x009c,0x009c,0x009c,0x00a6,0x00a7,0x00a6,0x00a7,0x00a9,0x00aa,0x00ab,0x00ae,0x00af,0x00b0,0x00b0,0x00b1,0x00b1,0x00b5,0x00b5
NtCreatePartition,,,,,,,,,,,,,,,,,,,,0x00aa,0x00ab,0x00ac,0x00af,0x00b0,0x00b1,0x00b1,0x00b2,0x00b2,0x00b6,0x00b6
NtCreatePort,0x0081,0x0081,0x0081,0x0081,0x0081,0x0081,0x00a0,0x009e,0x009e,0x009e,0x009e,0x009d,0x009d,0x009d,0x009d,0x00a7,0x00a8,0x00a7,0x00a8,0x00ab,0x00ac,0x00ad,0x00b0,0x00b1,0x00b2,0x00b2,0x00b3,0x00b3,0x00b7,0x00b7
NtCreatePrivateNamespace,,,,,,,0x00a1,0x009f,0x009f,0x009f,0x009f,0x009e,0x009e,0x009e,0x009e,0x00a8,0x00a9,0x00a8,0x00a9,0x00ac,0x00ad,0x00ae,0x00b1,0x00b2,0x00b3,0x00b3,0x00b4,0x00b4,0x00b8,0x00b8
NtCreateProcess,0x0082,0x0082,0x0082,0x0082,0x0082,0x0082,0x00a2,0x00a0,0x00a0,0x00a0,0x00a0,0x009f,0x009f,0x009f,0x009f,0x00a9,0x00aa,0x00a9,0x00aa,0x00ad,0x00ae,0x00af,0x00b2,0x00b3,0x00b4,0x00b4,0x00b5,0x00b5,0x00b9,0x00b9
NtCreateProcessEx,0x004a,0x004a,0x004a,0x004a,0x004a,0x004a,0x004a,0x004a,0x004a,0x004a,0x004a,0x004a,0x004a,0x004a,0x004a,0x004b,0x004c,0x004b,0x004c,0x004d,0x004d,0x004d,0x004d,0x004d,0x004d,0x004d,0x004d,0x004d,0x004d,0x004d
NtCreateProfile,0x0083,0x0083,0x0083,0x0083,0x0083,0x0083,0x00a3,0x00a1,0x00a1,0x00a1,0x00a1,0x00a0,0x00a0,0x00a0,0x00a0,0x00aa,0x00ab,0x00aa,0x00ab,0x00ae,0x00af,0x00b0,0x00b3,0x00b4,0x00b5,0x00b5,0x00b6,0x00b6,0x00ba,0x00ba
NtCreateProfileEx,,,,,,,,,,,,0x00a1,0x00a1,0x00a1,0x00a1,0x00ab,0x00ac,0x00ab,0x00ac,0x00af,0x00b0,0x00b1,0x00b4,0x00b5,0x00b6,0x00b6,0x00b7,0x00b7,0x00bb,0x00bb
NtCreateRegistryTransaction,,,,,,,,,,,,,,,,,,,,,,0x00b2,0x00b5,0x00b6,0x00b7,0x00b7,0x00b8,0x00b8,0x00bc,0x00bc
NtCreateResourceManager,,,,,,,0x00a4,0x00a2,0x00a2,0x00a2,0x00a2,0x00a2,0x00a2,0x00a2,0x00a2,0x00ac,0x00ad,0x00ac,0x00ad,0x00b0,0x00b1,0x00b3,0x00b6,0x00b7,0x00b8,0x00b8,0x00b9,0x00b9,0x00bd,0x00bd
NtCreateSection,0x0047,0x0047,0x0047,0x0047,0x0047,0x0047,0x0047,0x0047,0x0047,0x0047,0x0047,0x0047,0x0047,0x0047,0x0047,0x0048,0x0049,0x0048,0x0049,0x004a,0x004a,0x004a,0x004a,0x004a,0x004a,0x004a,0x004a,0x004a,0x004a,0x004a
NtCreateSectionEx,,,,,,,,,,,,,,,,,,,,,,,,,,0x00b9,0x00ba,0x00ba,0x00be,0x00be
NtCreateSemaphore,0x0084,0x0084,0x0084,0x0084,0x0084,0x0084,0x00a5,0x00a3,0x00a3,0x00a3,0x00a3,0x00a3,0x00a3,0x00a3,0x00a3,0x00ad,0x00ae,0x00ad,0x00ae,0x00b1,0x00b2,0x00b4,0x00b7,0x00b8,0x00b9,0x00ba,0x00bb,0x00bb,0x00bf,0x00bf
NtCreateSymbolicLinkObject,0x0085,0x0085,0x0085,0x0085,0x0085,0x0085,0x00a6,0x00a4,0x00a4,0x00a4,0x00a4,0x00a4,0x00a4,0x00a4,0x00a4,0x00ae,0x00af,0x00ae,0x00af,0x00b2,0x00b3,0x00b5,0x00b8,0x00b9,0x00ba,0x00bb,0x00bc,0x00bc,0x00c0,0x00c0
NtCreateThread,0x004b,0x004b,0x004b,0x004b,0x004b,0x004b,0x004b,0x004b,0x004b,0x004b,0x004b,0x004b,0x004b,0x004b,0x004b,0x004c,0x004d,0x004c,0x004d,0x004e,0x004e,0x004e,0x004e,0x004e,0x004e,0x004e,0x004e,0x004e,0x004e,0x004e
NtCreateThreadEx,,,,,,,0x00a7,0x00a5,0x00a5,0x00a5,0x00a5,0x00a5,0x00a5,0x00a5,0x00a5,0x00af,0x00b0,0x00af,0x00b0,0x00b3,0x00b4,0x00b6,0x00b9,0x00ba,0x00bb,0x00bc,0x00bd,0x00bd,0x00c1,0x00c1
NtCreateTimer,0x0086,0x0086,0x0086,0x0086,0x0086,0x0086,0x00a8,0x00a6,0x00a6,0x00a6,0x00a6,0x00a6,0x00a6,0x00a6,0x00a6,0x00b0,0x00b1,0x00b0,0x00b1,0x00b4,0x00b5,0x00b7,0x00ba,0x00bb,0x00bc,0x00bd,0x00be,0x00be,0x00c2,0x00c2
NtCreateTimer2,,,,,,,,,,,,,,,,,0x00b2,,0x00b2,0x00b5,0x00b6,0x00b8,0x00bb,0x00bc,0x00bd,0x00be,0x00bf,0x00bf,0x00c3,0x00c3
NtCreateToken,0x0087,0x0087,0x0087,0x0087,0x0087,0x0087,0x00a9,0x00a7,0x00a7,0x00a7,0x00a7,0x00a7,0x00a7,0x00a7,0x00a7,0x00b1,0x00b3,0x00b1,0x00b3,0x00b6,0x00b7,0x00b9,0x00bc,0x00bd,0x00be,0x00bf,0x00c0,0x00c0,0x00c4,0x00c4
NtCreateTokenEx,,,,,,,,,,,,,,,,0x00b2,0x00b4,0x00b2,0x00b4,0x00b7,0x00b8,0x00ba,0x00bd,0x00be,0x00bf,0x00c0,0x00c1,0x00c1,0x00c5,0x00c5
NtCreateTransaction,,,,,,,0x00aa,0x00a8,0x00a8,0x00a8,0x00a8,0x00a8,0x00a8,0x00a8,0x00a8,0x00b3,0x00b5,0x00b3,0x00b5,0x00b8,0x00b9,0x00bb,0x00be,0x00bf,0x00c0,0x00c1,0x00c2,0x00c2,0x00c6,0x00c6
NtCreateTransactionManager,,,,,,,0x00ab,0x00a9,0x00a9,0x00a9,0x00a9,0x00a9,0x00a9,0x00a9,0x00a9,0x00b4,0x00b6,0x00b4,0x00b6,0x00b9,0x00ba,0x00bc,0x00bf,0x00c0,0x00c1,0x00c2,0x00c3,0x00c3,0x00c7,0x00c7
NtCreateUserProcess,,,,,,,0x00ac,0x00aa,0x00aa,0x00aa,0x00aa,0x00aa,0x00aa,0x00aa,0x00aa,0x00b5,0x00b7,0x00b5,0x00b7,0x00ba,0x00bb,0x00bd,0x00c0,0x00c1,0x00c2,0x00c3,0x00c4,0x00c4,0x00c8,0x00c8
NtCreateWaitCompletionPacket,,,,,,,,,,,,,,,,0x00b6,0x00b8,0x00b6,0x00b8,0x00bb,0x00bc,0x00be,0x00c1,0x00c2,0x00c3,0x00c4,0x00c5,0x00c5,0x00c9,0x00c9
NtCreateWaitablePort,0x0088,0x0088,0x0088,0x0088,0x0088,0x0088,0x00ad,0x00ab,0x00ab,0x00ab,0x00ab,0x00ab,0x00ab,0x00ab,0x00ab,0x00b7,0x00b9,0x00b7,0x00b9,0x00bc,0x00bd,0x00bf,0x00c2,0x00c3,0x00c4,0x00c5,0x00c6,0x00c6,0x00ca,0x00ca
NtCreateWnfStateName,,,,,,,,,,,,,,,,0x00b8,0x00ba,0x00b8,0x00ba,0x00bd,0x00be,0x00c0,0x00c3,0x00c4,0x00c5,0x00c6,0x00c7,0x00c7,0x00cb,0x00cb
NtCreateWorkerFactory,,,,,,,0x00ae,0x00ac,0x00ac,0x00ac,0x00ac,0x00ac,0x00ac,0x00ac,0x00ac,0x00b9,0x00bb,0x00b9,0x00bb,0x00be,0x00bf,0x00c1,0x00c4,0x00c5,0x00c6,0x00c7,0x00c8,0x00c8,0x00cc,0x00cc
NtDebugActiveProcess,0x0089,0x0089,0x0089,0x0089,0x0089,0x0089,0x00af,0x00ad,0x00ad,0x00ad,0x00ad,0x00ad,0x00ad,0x00ad,0x00ad,0x00ba,0x00bc,0x00ba,0x00bc,0x00bf,0x00c0,0x00c2,0x00c5,0x00c6,0x00c7,0x00c8,0x00c9,0x00c9,0x00cd,0x00cd
NtDebugContinue,0x008a,0x008a,0x008a,0x008a,0x008a,0x008a,0x00b0,0x00ae,0x00ae,0x00ae,0x00ae,0x00ae,0x00ae,0x00ae,0x00ae,0x00bb,0x00bd,0x00bb,0x00bd,0x00c0,0x00c1,0x00c3,0x00c6,0x00c7,0x00c8,0x00c9,0x00ca,0x00ca,0x00ce,0x00ce
NtDelayExecution,0x0031,0x0031,0x0031,0x0031,0x0031,0x0031,0x0031,0x0031,0x0031,0x0031,0x0031,0x0031,0x0031,0x0031,0x0031,0x0032,0x0033,0x0032,0x0033,0x0034,0x0034,0x0034,0x0034,0x0034,0x0034,0x0034,0x0034,0x0034,0x0034,0x0034
NtDeleteAtom,0x008b,0x008b,0x008b,0x008b,0x008b,0x008b,0x00b1,0x00af,0x00af,0x00af,0x00af,0x00af,0x00af,0x00af,0x00af,0x00bc,0x00be,0x00bc,0x00be,0x00c1,0x00c2,0x00c4,0x00c7,0x00c8,0x00c9,0x00ca,0x00cb,0x00cb,0x00cf,0x00cf
NtDeleteBootEntry,0x008c,0x008c,0x008c,0x008c,0x008c,0x008c,0x00b2,0x00b0,0x00b0,0x00b0,0x00b0,0x00b0,0x00b0,0x00b0,0x00b0,0x00bd,0x00bf,0x00bd,0x00bf,0x00c2,0x00c3,0x00c5,0x00c8,0x00c9,0x00ca,0x00cb,0x00cc,0x00cc,0x00d0,0x00d0
NtDeleteDriverEntry,0x008d,0x008d,0x008d,0x008d,0x008d,0x008d,0x00b3,0x00b1,0x00b1,0x00b1,0x00b1,0x00b1,0x00b1,0x00b1,0x00b1,0x00be,0x00c0,0x00be,0x00c0,0x00c3,0x00c4,0x00c6,0x00c9,0x00ca,0x00cb,0x00cc,0x00cd,0x00cd,0x00d1,0x00d1
NtDeleteFile,0x008e,0x008e,0x008e,0x008e,0x008e,0x008e,0x00b4,0x00b2,0x00b2,0x00b2,0x00b2,0x00b2,0x00b2,0x00b2,0x00b2,0x00bf,0x00c1,0x00bf,0x00c1,0x00c4,0x00c5,0x00c7,0x00ca,0x00cb,0x00cc,0x00cd,0x00ce,0x00ce,0x00d2,0x00d2
NtDeleteKey,0x008f,0x008f,0x008f,0x008f,0x008f,0x008f,0x00b5,0x00b3,0x00b3,0x00b3,0x00b3,0x00b3,0x00b3,0x00b3,0x00b3,0x00c0,0x00c2,0x00c0,0x00c2,0x00c5,0x00c6,0x00c8,0x00cb,0x00cc,0x00cd,0x00ce,0x00cf,0x00cf,0x00d3,0x00d3
NtDeleteObjectAuditAlarm,0x0090,0x0090,0x0090,0x0090,0x0090,0x0090,0x00b6,0x00b4,0x00b4,0x00b4,0x00b4,0x00b4,0x00b4,0x00b4,0x00b4,0x00c1,0x00c3,0x00c1,0x00c3,0x00c6,0x00c7,0x00c9,0x00cc,0x00cd,0x00ce,0x00cf,0x00d0,0x00d0,0x00d4,0x00d4
NtDeletePrivateNamespace,,,,,,,0x00b7,0x00b5,0x00b5,0x00b5,0x00b5,0x00b5,0x00b5,0x00b5,0x00b5,0x00c2,0x00c4,0x00c2,0x00c4,0x00c7,0x00c8,0x00ca,0x00cd,0x00ce,0x00cf,0x00d0,0x00d1,0x00d1,0x00d5,0x00d5
NtDeleteValueKey,0x0091,0x0091,0x0091,0x0091,0x0091,0x0091,0x00b8,0x00b6,0x00b6,0x00b6,0x00b6,0x00b6,0x00b6,0x00b6,0x00b6,0x00c3,0x00c5,0x00c3,0x00c5,0x00c8,0x00c9,0x00cb,0x00ce,0x00cf,0x00d0,0x00d1,0x00d2,0x00d2,0x00d6,0x00d6
NtDeleteWnfStateData,,,,,,,,,,,,,,,,0x00c4,0x00c6,0x00c4,0x00c6,0x00c9,0x00ca,0x00cc,0x00cf,0x00d0,0x00d1,0x00d2,0x00d3,0x00d3,0x00d7,0x00d7
NtDeleteWnfStateName,,,,,,,,,,,,,,,,0x00c5,0x00c7,0x00c5,0x00c7,0x00ca,0x00cb,0x00cd,0x00d0,0x00d1,0x00d2,0x00d3,0x00d4,0x00d4,0x00d8,0x00d8
NtDeviceIoControlFile,0x0004,0x0004,0x0004,0x0004,0x0004,0x0004,0x0004,0x0004,0x0004,0x0004,0x0004,0x0004,0x0004,0x0004,0x0004,0x0005,0x0006,0x0005,0x0006,0x0007,0x0007,0x0007,0x0007,0x0007,0x0007,0x0007,0x0007,0x0007,0x0007,0x0007
NtDirectGraphicsCall,,,,,,,,,,,,,,,,,,,,,,,,,,,,,0x00d9,0x00d9
NtDisableLastKnownGood,,,,,,,,,,,,0x00b7,0x00b7,0x00b7,0x00b7,0x00c6,0x00c8,0x00c6,0x00c8,0x00cb,0x00cc,0x00ce,0x00d1,0x00d2,0x00d3,0x00d4,0x00d5,0x00d5,0x00da,0x00da
NtDisplayString,0x0092,0x0092,0x0092,0x0092,0x0092,0x0092,0x00b9,0x00b7,0x00b7,0x00b7,0x00b7,0x00b8,0x00b8,0x00b8,0x00b8,0x00c7,0x00c9,0x00c7,0x00c9,0x00cc,0x00cd,0x00cf,0x00d2,0x00d3,0x00d4,0x00d5,0x00d6,0x00d6,0x00db,0x00db
NtDrawText,,,,,,,,,,,,0x00b9,0x00b9,0x00b9,0x00b9,0x00c8,0x00ca,0x00c8,0x00ca,0x00cd,0x00ce,0x00d0,0x00d3,0x00d4,0x00d5,0x00d6,0x00d7,0x00d7,0x00dc,0x00dc
NtDuplicateObject,0x0039,0x0039,0x0039,0x0039,0x0039,0x0039,0x0039,0x0039,0x0039,0x0039,0x0039,0x0039,0x0039,0x0039,0x0039,0x003a,0x003b,0x003a,0x003b,0x003c,0x003c,0x003c,0x003c,0x003c,0x003c,0x003c,0x003c,0x003c,0x003c,0x003c
NtDuplicateToken,0x003f,0x003f,0x003f,0x003f,0x003f,0x003f,0x003f,0x003f,0x003f,0x003f,0x003f,0x003f,0x003f,0x003f,0x003f,0x0040,0x0041,0x0040,0x0041,0x0042,0x0042,0x0042,0x0042,0x0042,0x0042,0x0042,0x0042,0x0042,0x0042,0x0042
NtEnableLastKnownGood,,,,,,,,,,,,0x00ba,0x00ba,0x00ba,0x00ba,0x00c9,0x00cb,0x00c9,0x00cb,0x00ce,0x00cf,0x00d1,0x00d4,0x00d5,0x00d6,0x00d7,0x00d8,0x00d8,0x00dd,0x00dd
NtEnumerateBootEntries,0x0093,0x0093,0x0093,0x0093,0x0093,0x0093,0x00ba,0x00b8,0x00b8,0x00b8,0x00b8,0x00bb,0x00bb,0x00bb,0x00bb,0x00ca,0x00cc,0x00ca,0x00cc,0x00cf,0x00d0,0x00d2,0x00d5,0x00d6,0x00d7,0x00d8,0x00d9,0x00d9,0x00de,0x00de
NtEnumerateDriverEntries,0x0094,0x0094,0x0094,0x0094,0x0094,0x0094,0x00bb,0x00b9,0x00b9,0x00b9,0x00b9,0x00bc,0x00bc,0x00bc,0x00bc,0x00cb,0x00cd,0x00cb,0x00cd,0x00d0,0x00d1,0x00d3,0x00d6,0x00d7,0x00d8,0x00d9,0x00da,0x00da,0x00df,0x00df
NtEnumerateKey,0x002f,0x002f,0x002f,0x002f,0x002f,0x002f,0x002f,0x002f,0x002f,0x002f,0x002f,0x002f,0x002f,0x002f,0x002f,0x0030,0x0031,0x0030,0x0031,0x0032,0x0032,0x0032,0x0032,0x0032,0x0032,0x0032,0x0032,0x0032,0x0032,0x0032
NtEnumerateSystemEnvironmentValuesEx,0x0095,0x0095,0x0095,0x0095,0x0095,0x0095,0x00bc,0x00ba,0x00ba,0x00ba,0x00ba,0x00bd,0x00bd,0x00bd,0x00bd,0x00cc,0x00ce,0x00cc,0x00ce,0x00d1,0x00d2,0x00d4,0x00d7,0x00d8,0x00d9,0x00da,0x00db,0x00db,0x00e0,0x00e0
NtEnumerateTransactionObject,,,,,,,0x00bd,0x00bb,0x00bb,0x00bb,0x00bb,0x00be,0x00be,0x00be,0x00be,0x00cd,0x00cf,0x00cd,0x00cf,0x00d2,0x00d3,0x00d5,0x00d8,0x00d9,0x00da,0x00db,0x00dc,0x00dc,0x00e1,0x00e1
NtEnumerateValueKey,0x0010,0x0010,0x0010,0x0010,0x0010,0x0010,0x0010,0x0010,0x0010,0x0010,0x0010,0x0010,0x0010,0x0010,0x0010,0x0011,0x0012,0x0011,0x0012,0x0013,0x0013,0x0013,0x0013,0x0013,0x0013,0x0013,0x0013,0x0013,0x0013,0x0013
NtExtendSection,0x0096,0x0096,0x0096,0x0096,0x0096,0x0096,0x00be,0x00bc,0x00bc,0x00bc,0x00bc,0x00bf,0x00bf,0x00bf,0x00bf,0x00ce,0x00d0,0x00ce,0x00d0,0x00d3,0x00d4,0x00d6,0x00d9,0x00da,0x00db,0x00dc,0x00dd,0x00dd,0x00e2,0x00e2
NtFilterBootOption,,,,,,,,,,,,,,,,0x00cf,0x00d1,0x00cf,0x00d1,0x00d4,0x00d5,0x00d7,0x00da,0x00db,0x00dc,0x00dd,0x00de,0x00de,0x00e3,0x00e3
NtFilterToken,0x0097,0x0097,0x0097,0x0097,0x0097,0x0097,0x00bf,0x00bd,0x00bd,0x00bd,0x00bd,0x00c0,0x00c0,0x00c0,0x00c0,0x00d0,0x00d2,0x00d0,0x00d2,0x00d5,0x00d6,0x00d8,0x00db,0x00dc,0x00dd,0x00de,0x00df,0x00df,0x00e4,0x00e4
NtFilterTokenEx,,,,,,,,,,,,,,,,0x00d1,0x00d3,0x00d1,0x00d3,0x00d6,0x00d7,0x00d9,0x00dc,0x00dd,0x00de,0x00df,0x00e0,0x00e0,0x00e5,0x00e5
NtFindAtom,0x0011,0x0011,0x0011,0x0011,0x0011,0x0011,0x0011,0x0011,0x0011,0x0011,0x0011,0x0011,0x0011,0x0011,0x0011,0x0012,0x0013,0x0012,0x0013,0x0014,0x0014,0x0014,0x0014,0x0014,0x0014,0x0014,0x0014,0x0014,0x0014,0x0014
NtFlushBuffersFile,0x0048,0x0048,0x0048,0x0048,0x0048,0x0048,0x0048,0x0048,0x0048,0x0048,0x0048,0x0048,0x0048,0x0048,0x0048,0x0049,0x004a,0x0049,0x004a,0x004b,0x004b,0x004b,0x004b,0x004b,0x004b,0x004b,0x004b,0x004b,0x004b,0x004b
NtFlushBuffersFileEx,,,,,,,,,,,,,,,,0x00d2,0x00d4,0x00d2,0x00d4,0x00d7,0x00d8,0x00da,0x00dd,0x00de,0x00df,0x00e0,0x00e1,0x00e1,0x00e6,0x00e6
NtFlushInstallUILanguage,,,,,,,0x00c0,0x00be,0x00be,0x00be,0x00be,0x00c1,0x00c1,0x00c1,0x00c1,0x00d3,0x00d5,0x00d3,0x00d5,0x00d8,0x00d9,0x00db,0x00de,0x00df,0x00e0,0x00e1,0x00e2,0x00e2,0x00e7,0x00e7
NtFlushInstructionCache,0x0098,0x0098,0x0098,0x0098,0x0098,0x0098,0x00c1,0x00bf,0x00bf,0x00bf,0x00bf,0x00c2,0x00c2,0x00c2,0x00c2,0x00d4,0x00d6,0x00d4,0x00d6,0x00d9,0x00da,0x00dc,0x00df,0x00e0,0x00e1,0x00e2,0x00e3,0x00e3,0x00e8,0x00e8
NtFlushKey,0x0099,0x0099,0x0099,0x0099,0x0099,0x0099,0x00c2,0x00c0,0x00c0,0x00c0,0x00c0,0x00c3,0x00c3,0x00c3,0x00c3,0x00d5,0x00d7,0x00d5,0x00d7,0x00da,0x00db,0x00dd,0x00e0,0x00e1,0x00e2,0x00e3,0x00e4,0x00e4,0x00e9,0x00e9
NtFlushProcessWriteBuffers,,,,,,,0x00c3,0x00c1,0x00c1,0x00c1,0x00c1,0x00c4,0x00c4,0x00c4,0x00c4,0x00d6,0x00d8,0x00d6,0x00d8,0x00db,0x00dc,0x00de,0x00e1,0x00e2,0x00e3,0x00e4,0x00e5,0x00e5,0x00ea,0x00ea
NtFlushVirtualMemory,0x009a,0x009a,0x009a,0x009a,0x009a,0x009a,0x00c4,0x00c2,0x00c2,0x00c2,0x00c2,0x00c5,0x00c5,0x00c5,0x00c5,0x00d7,0x00d9,0x00d7,0x00d9,0x00dc,0x00dd,0x00df,0x00e2,0x00e3,0x00e4,0x00e5,0x00e6,0x00e6,0x00eb,0x00eb
NtFlushWriteBuffer,0x009b,0x009b,0x009b,0x009b,0x009b,0x009b,0x00c5,0x00c3,0x00c3,0x00c3,0x00c3,0x00c6,0x00c6,0x00c6,0x00c6,0x00d8,0x00da,0x00d8,0x00da,0x00dd,0x00de,0x00e0,0x00e3,0x00e4,0x00e5,0x00e6,0x00e7,0x00e7,0x00ec,0x00ec
NtFreeUserPhysicalPages,0x009c,0x009c,0x009c,0x009c,0x009c,0x009c,0x00c6,0x00c4,0x00c4,0x00c4,0x00c4,0x00c7,0x00c7,0x00c7,0x00c7,0x00d9,0x00db,0x00d9,0x00db,0x00de,0x00df,0x00e1,0x00e4,0x00e5,0x00e6,0x00e7,0x00e8,0x00e8,0x00ed,0x00ed
NtFreeVirtualMemory,0x001b,0x001b,0x001b,0x001b,0x001b,0x001b,0x001b,0x001b,0x001b,0x001b,0x001b,0x001b,0x001b,0x001b,0x001b,0x001c,0x001d,0x001c,0x001d,0x001e,0x001e,0x001e,0x001e,0x001e,0x001e,0x001e,0x001e,0x001e,0x001e,0x001e
NtFreezeRegistry,,,,,,,0x00c7,0x00c5,0x00c5,0x00c5,0x00c5,0x00c8,0x00c8,0x00c8,0x00c8,0x00da,0x00dc,0x00da,0x00dc,0x00df,0x00e0,0x00e2,0x00e5,0x00e6,0x00e7,0x00e8,0x00e9,0x00e9,0x00ee,0x00ee
NtFreezeTransactions,,,,,,,0x00c8,0x00c6,0x00c6,0x00c6,0x00c6,0x00c9,0x00c9,0x00c9,0x00c9,0x00db,0x00dd,0x00db,0x00dd,0x00e0,0x00e1,0x00e3,0x00e6,0x00e7,0x00e8,0x00e9,0x00ea,0x00ea,0x00ef,0x00ef
NtFsControlFile,0x0036,0x0036,0x0036,0x0036,0x0036,0x0036,0x0036,0x0036,0x0036,0x0036,0x0036,0x0036,0x0036,0x0036,0x0036,0x0037,0x0038,0x0037,0x0038,0x0039,0x0039,0x0039,0x0039,0x0039,0x0039,0x0039,0x0039,0x0039,0x0039,0x0039
NtGetCachedSigningLevel,,,,,,,,,,,,,,,,0x00dc,0x00de,0x00dc,0x00de,0x00e1,0x00e2,0x00e4,0x00e7,0x00e8,0x00e9,0x00ea,0x00eb,0x00eb,0x00f0,0x00f0
NtGetCompleteWnfStateSubscription,,,,,,,,,,,,,,,,,0x00df,,0x00df,0x00e2,0x00e3,0x00e5,0x00e8,0x00e9,0x00ea,0x00eb,0x00ec,0x00ec,0x00f1,0x00f1
NtGetContextThread,0x009d,0x009d,0x009d,0x009d,0x009d,0x009d,0x00c9,0x00c7,0x00c7,0x00c7,0x00c7,0x00ca,0x00ca,0x00ca,0x00ca,0x00dd,0x00e0,0x00dd,0x00e0,0x00e3,0x00e4,0x00e6,0x00e9,0x00ea,0x00eb,0x00ec,0x00ed,0x00ed,0x00f2,0x00f2
NtGetCurrentProcessorNumber,0x009e,0x009e,0x009e,0x009e,0x009e,0x009e,0x00ca,0x00c8,0x00c8,0x00c8,0x00c8,0x00cb,0x00cb,0x00cb,0x00cb,0x00de,0x00e1,0x00de,0x00e1,0x00e4,0x00e5,0x00e7,0x00ea,0x00eb,0x00ec,0x00ed,0x00ee,0x00ee,0x00f3,0x00f3
NtGetCurrentProcessorNumberEx,,,,,,,,,,,,,,,,,,,,0x00e5,0x00e6,0x00e8,0x00eb,0x00ec,0x00ed,0x00ee,0x00ef,0x00ef,0x00f4,0x00f4
NtGetDevicePowerState,0x009f,0x009f,0x009f,0x009f,0x009f,0x009f,0x00cb,0x00c9,0x00c9,0x00c9,0x00c9,0x00cc,0x00cc,0x00cc,0x00cc,0x00df,0x00e2,0x00df,0x00e2,0x00e6,0x00e7,0x00e9,0x00ec,0x00ed,0x00ee,0x00ef,0x00f0,0x00f0,0x00f5,0x00f5
NtGetMUIRegistryInfo,,,,,,,0x00cc,0x00ca,0x00ca,0x00ca,0x00ca,0x00cd,0x00cd,0x00cd,0x00cd,0x00e0,0x00e3,0x00e0,0x00e3,0x00e7,0x00e8,0x00ea,0x00ed,0x00ee,0x00ef,0x00f0,0x00f1,0x00f1,0x00f6,0x00f6
NtGetNextProcess,,,,,,,0x00cd,0x00cb,0x00cb,0x00cb,0x00cb,0x00ce,0x00ce,0x00ce,0x00ce,0x00e1,0x00e4,0x00e1,0x00e4,0x00e8,0x00e9,0x00eb,0x00ee,0x00ef,0x00f0,0x00f1,0x00f2,0x00f2,0x00f7,0x00f7
NtGetNextThread,,,,,,,0x00ce,0x00cc,0x00cc,0x00cc,0x00cc,0x00cf,0x00cf,0x00cf,0x00cf,0x00e2,0x00e5,0x00e2,0x00e5,0x00e9,0x00ea,0x00ec,0x00ef,0x00f0,0x00f1,0x00f2,0x00f3,0x00f3,0x00f8,0x00f8
NtGetNlsSectionPtr,,,,,,,0x00cf,0x00cd,0x00cd,0x00cd,0x00cd,0x00d0,0x00d0,0x00d0,0x00d0,0x00e3,0x00e6,0x00e3,0x00e6,0x00ea,0x00eb,0x00ed,0x00f0,0x00f1,0x00f2,0x00f3,0x00f4,0x00f4,0x00f9,0x00f9
NtGetNotificationResourceManager,,,,,,,0x00d0,0x00ce,0x00ce,0x00ce,0x00ce,0x00d1,0x00d1,0x00d1,0x00d1,0x00e4,0x00e7,0x00e4,0x00e7,0x00eb,0x00ec,0x00ee,0x00f1,0x00f2,0x00f3,0x00f4,0x00f5,0x00f5,0x00fa,0x00fa
NtGetPlugPlayEvent,0x00a0,0x00a0,0x00a0,0x00a0,0x00a0,0x00a0,0x00d1,0x00cf,0x00cf,0x00cf,0x00cf,0x00d2,0x00d2,0x00d2,0x00d2,,,,,,,,,,,,,,,
NtGetWriteWatch,0x00a1,0x00a1,0x00a1,0x00a1,0x00a1,0x00a1,0x00d2,0x00d0,0x00d0,0x00d0,0x00d0,0x00d3,0x00d3,0x00d3,0x00d3,0x00e5,0x00e8,0x00e5,0x00e8,0x00ec,0x00ed,0x00ef,0x00f2,0x00f3,0x00f4,0x00f5,0x00f6,0x00f6,0x00fb,0x00fb
NtImpersonateAnonymousToken,0x00a2,0x00a2,0x00a2,0x00a2,0x00a2,0x00a2,0x00d3,0x00d1,0x00d1,0x00d1,0x00d1,0x00d4,0x00d4,0x00d4,0x00d4,0x00e6,0x00e9,0x00e6,0x00e9,0x00ed,0x00ee,0x00f0,0x00f3,0x00f4,0x00f5,0x00f6,0x00f7,0x00f7,0x00fc,0x00fc
NtImpersonateClientOfPort,0x001c,0x001c,0x001c,0x001c,0x001c,0x001c,0x001c,0x001c,0x001c,0x001c,0x001c,0x001c,0x001c,0x001c,0x001c,0x001d,0x001e,0x001d,0x001e,0x001f,0x001f,0x001f,0x001f,0x001f,0x001f,0x001f,0x001f,0x001f,0x001f,0x001f
NtImpersonateThread,0x00a3,0x00a3,0x00a3,0x00a3,0x00a3,0x00a3,0x00d4,0x00d2,0x00d2,0x00d2,0x00d2,0x00d5,0x00d5,0x00d5,0x00d5,0x00e7,0x00ea,0x00e7,0x00ea,0x00ee,0x00ef,0x00f1,0x00f4,0x00f5,0x00f6,0x00f7,0x00f8,0x00f8,0x00fd,0x00fd
NtInitializeEnclave,,,,,,,,,,,,,,,,,,,,,0x00f0,0x00f2,0x00f5,0x00f6,0x00f7,0x00f8,0x00f9,0x00f9,0x00fe,0x00fe
NtInitializeNlsFiles,,,,,,,0x00d5,0x00d3,0x00d3,0x00d3,0x00d3,0x00d6,0x00d6,0x00d6,0x00d6,0x00e8,0x00eb,0x00e8,0x00eb,0x00ef,0x00f1,0x00f3,0x00f6,0x00f7,0x00f8,0x00f9,0x00fa,0x00fa,0x00ff,0x00ff
NtInitializeRegistry,0x00a4,0x00a4,0x00a4,0x00a4,0x00a4,0x00a4,0x00d6,0x00d4,0x00d4,0x00d4,0x00d4,0x00d7,0x00d7,0x00d7,0x00d7,0x00e9,0x00ec,0x00e9,0x00ec,0x00f0,0x00f2,0x00f4,0x00f7,0x00f8,0x00f9,0x00fa,0x00fb,0x00fb,0x0100,0x0100
NtInitiatePowerAction,0x00a5,0x00a5,0x00a5,0x00a5,0x00a5,0x00a5,0x00d7,0x00d5,0x00d5,0x00d5,0x00d5,0x00d8,0x00d8,0x00d8,0x00d8,0x00ea,0x00ed,0x00ea,0x00ed,0x00f1,0x00f3,0x00f5,0x00f8,0x00f9,0x00fa,0x00fb,0x00fc,0x00fc,0x0101,0x0101
NtIsProcessInJob,0x004c,0x004c,0x004c,0x004c,0x004c,0x004c,0x004c,0x004c,0x004c,0x004c,0x004c,0x004c,0x004c,0x004c,0x004c,0x004d,0x004e,0x004d,0x004e,0x004f,0x004f,0x004f,0x004f,0x004f,0x004f,0x004f,0x004f,0x004f,0x004f,0x004f
NtIsSystemResumeAutomatic,0x00a6,0x00a6,0x00a6,0x00a6,0x00a6,0x00a6,0x00d8,0x00d6,0x00d6,0x00d6,0x00d6,0x00d9,0x00d9,0x00d9,0x00d9,0x00eb,0x00ee,0x00eb,0x00ee,0x00f2,0x00f4,0x00f6,0x00f9,0x00fa,0x00fb,0x00fc,0x00fd,0x00fd,0x0102,0x0102
NtIsUILanguageComitted,,,,,,,0x00d9,0x00d7,0x00d7,0x00d7,0x00d7,0x00da,0x00da,0x00da,0x00da,0x00ec,0x00ef,0x00ec,0x00ef,0x00f3,0x00f5,0x00f7,0x00fa,0x00fb,0x00fc,0x00fd,0x00fe,0x00fe,0x0103,0x0103
NtListTransactions,,,,,,,0x00da,,,,,,,,,,,,,,,,,,,,,,,
NtListenPort,0x00a7,0x00a7,0x00a7,0x00a7,0x00a7,0x00a7,0x00db,0x00d8,0x00d8,0x00d8,0x00d8,0x00db,0x00db,0x00db,0x00db,0x00ed,0x00f0,0x00ed,0x00f0,0x00f4,0x00f6,0x00f8,0x00fb,0x00fc,0x00fd,0x00fe,0x00ff,0x00ff,0x0104,0x0104
NtLoadDriver,0x00a8,0x00a8,0x00a8,0x00a8,0x00a8,0x00a8,0x00dc,0x00d9,0x00d9,0x00d9,0x00d9,0x00dc,0x00dc,0x00dc,0x00dc,0x00ee,0x00f1,0x00ee,0x00f1,0x00f5,0x00f7,0x00f9,0x00fc,0x00fd,0x00fe,0x00ff,0x0100,0x0100,0x0105,0x0105
NtLoadEnclaveData,,,,,,,,,,,,,,,,,,,,,0x00f8,0x00fa,0x00fd,0x00fe,0x00ff,0x0100,0x0101,0x0101,0x0106,0x0106
NtLoadHotPatch,,,,,,,,,,,,,,,,,,,,,,,0x00fe,0x00ff,0x0100,,,,,
NtLoadKey,0x00a9,0x00a9,0x00a9,0x00a9,0x00a9,0x00a9,0x00dd,0x00da,0x00da,0x00da,0x00da,0x00dd,0x00dd,0x00dd,0x00dd,0x00ef,0x00f2,0x00ef,0x00f2,0x00f6,0x00f9,0x00fb,0x00ff,0x0100,0x0101,0x0101,0x0102,0x0102,0x0107,0x0107
NtLoadKey2,0x00aa,0x00aa,0x00aa,0x00aa,0x00aa,0x00aa,0x00de,0x00db,0x00db,0x00db,0x00db,0x00de,0x00de,0x00de,0x00de,0x00f0,0x00f3,0x00f0,0x00f3,0x00f7,0x00fa,0x00fc,0x0100,0x0101,0x0102,0x0102,0x0103,0x0103,0x0108,0x0108
NtLoadKey3,,,,,,,,,,,,,,,,,,,,,,,,,,,,,0x01d6,0x01d6
NtLoadKeyEx,0x00ab,0x00ab,0x00ab,0x00ab,0x00ab,0x00ab,0x00df,0x00dc,0x00dc,0x00dc,0x00dc,0x00df,0x00df,0x00df,0x00df,0x00f1,0x00f4,0x00f1,0x00f4,0x00f8,0x00fb,0x00fd,0x0101,0x0102,0x0103,0x0103,0x0104,0x0104,0x0109,0x0109
NtLockFile,0x00ac,0x00ac,0x00ac,0x00ac,0x00ac,0x00ac,0x00e0,0x00dd,0x00dd,0x00dd,0x00dd,0x00e0,0x00e0,0x00e0,0x00e0,0x00f2,0x00f5,0x00f2,0x00f5,0x00f9,0x00fc,0x00fe,0x0102,0x0103,0x0104,0x0104,0x0105,0x0105,0x010a,0x010a
NtLockProductActivationKeys,0x00ad,0x00ad,0x00ad,0x00ad,0x00ad,0x00ad,0x00e1,0x00de,0x00de,0x00de,0x00de,0x00e1,0x00e1,0x00e1,0x00e1,0x00f3,0x00f6,0x00f3,0x00f6,0x00fa,0x00fd,0x00ff,0x0103,0x0104,0x0105,0x0105,0x0106,0x0106,0x010b,0x010b
NtLockRegistryKey,0x00ae,0x00ae,0x00ae,0x00ae,0x00ae,0x00ae,0x00e2,0x00df,0x00df,0x00df,0x00df,0x00e2,0x00e2,0x00e2,0x00e2,0x00f4,0x00f7,0x00f4,0x00f7,0x00fb,0x00fe,0x0100,0x0104,0x0105,0x0106,0x0106,0x0107,0x0107,0x010c,0x010c
NtLockVirtualMemory,0x00af,0x00af,0x00af,0x00af,0x00af,0x00af,0x00e3,0x00e0,0x00e0,0x00e0,0x00e0,0x00e3,0x00e3,0x00e3,0x00e3,0x00f5,0x00f8,0x00f5,0x00f8,0x00fc,0x00ff,0x0101,0x0105,0x0106,0x0107,0x0107,0x0108,0x0108,0x010d,0x010d
NtMakePermanentObject,0x00b0,0x00b0,0x00b0,0x00b0,0x00b0,0x00b0,0x00e4,0x00e1,0x00e1,0x00e1,0x00e1,0x00e4,0x00e4,0x00e4,0x00e4,0x00f6,0x00f9,0x00f6,0x00f9,0x00fd,0x0100,0x0102,0x0106,0x0107,0x0108,0x0108,0x0109,0x0109,0x010e,0x010e
NtMakeTemporaryObject,0x00b1,0x00b1,0x00b1,0x00b1,0x00b1,0x00b1,0x00e5,0x00e2,0x00e2,0x00e2,0x00e2,0x00e5,0x00e5,0x00e5,0x00e5,0x00f7,0x00fa,0x00f7,0x00fa,0x00fe,0x0101,0x0103,0x0107,0x0108,0x0109,0x0109,0x010a,0x010a,0x010f,0x010f
NtManageHotPatch,,,,,,,,,,,,,,,,,,,,,,,,,,0x010a,0x010b,0x010b,0x0110,0x0110
NtManagePartition,,,,,,,,,,,,,,,,,,,,0x00ff,0x0102,0x0104,0x0108,0x0109,0x010a,0x010b,0x010c,0x010c,0x0111,0x0111
NtMapCMFModule,,,,,,,0x00e6,0x00e3,0x00e3,0x00e3,0x00e3,0x00e6,0x00e6,0x00e6,0x00e6,0x00f8,0x00fb,0x00f8,0x00fb,0x0100,0x0103,0x0105,0x0109,0x010a,0x010b,0x010c,0x010d,0x010d,0x0112,0x0112
NtMapUserPhysicalPages,0x00b2,0x00b2,0x00b2,0x00b2,0x00b2,0x00b2,0x00e7,0x00e4,0x00e4,0x00e4,0x00e4,0x00e7,0x00e7,0x00e7,0x00e7,0x00f9,0x00fc,0x00f9,0x00fc,0x0101,0x0104,0x0106,0x010a,0x010b,0x010c,0x010d,0x010e,0x010e,0x0113,0x0113
NtMapUserPhysicalPagesScatter,0x0000,0x0000,0x0000,0x0000,0x0000,0x0000,0x0000,0x0000,0x0000,0x0000,0x0000,0x0000,0x0000,0x0000,0x0000,0x0001,0x0002,0x0001,0x0002,0x0003,0x0003,0x0003,0x0003,0x0003,0x0003,0x0003,0x0003,0x0003,0x0003,0x0003
NtMapViewOfSection,0x0025,0x0025,0x0025,0x0025,0x0025,0x0025,0x0025,0x0025,0x0025,0x0025,0x0025,0x0025,0x0025,0x0025,0x0025,0x0026,0x0027,0x0026,0x0027,0x0028,0x0028,0x0028,0x0028,0x0028,0x0028,0x0028,0x0028,0x0028,0x0028,0x0028
NtMapViewOfSectionEx,,,,,,,,,,,,,,,,,,,,,,,,,0x010d,0x010e,0x010f,0x010f,0x0114,0x0114
NtMarshallTransaction,,,,,,,0x00e8,,,,,,,,,,,,,,,,,,,,,,,
NtModifyBootEntry,0x00b3,0x00b3,0x00b3,0x00b3,0x00b3,0x00b3,0x00e9,0x00e5,0x00e5,0x00e5,0x00e5,0x00e8,0x00e8,0x00e8,0x00e8,0x00fa,0x00fd,0x00fa,0x00fd,0x0102,0x0105,0x0107,0x010b,0x010c,0x010e,0x010f,0x0110,0x0110,0x0115,0x0115
NtModifyDriverEntry,0x00b4,0x00b4,0x00b4,0x00b4,0x00b4,0x00b4,0x00ea,0x00e6,0x00e6,0x00e6,0x00e6,0x00e9,0x00e9,0x00e9,0x00e9,0x00fb,0x00fe,0x00fb,0x00fe,0x0103,0x0106,0x0108,0x010c,0x010d,0x010f,0x0110,0x0111,0x0111,0x0116,0x0116
NtNotifyChangeDirectoryFile,0x00b5,0x00b5,0x00b5,0x00b5,0x00b5,0x00b5,0x00eb,0x00e7,0x00e7,0x00e7,0x00e7,0x00ea,0x00ea,0x00ea,0x00ea,0x00fc,0x00ff,0x00fc,0x00ff,0x0104,0x0107,0x0109,0x010d,0x010e,0x0110,0x0111,0x0112,0x0112,0x0117,0x0117
NtNotifyChangeDirectoryFileEx,,,,,,,,,,,,,,,,,,,,,,,,0x010f,0x0111,0x0112,0x0113,0x0113,0x0118,0x0118
NtNotifyChangeKey,0x00b6,0x00b6,0x00b6,0x00b6,0x00b6,0x00b6,0x00ec,0x00e8,0x00e8,0x00e8,0x00e8,0x00eb,0x00eb,0x00eb,0x00eb,0x00fd,0x0100,0x00fd,0x0100,0x0105,0x0108,0x010a,0x010e,0x0110,0x0112,0x0113,0x0114,0x0114,0x0119,0x0119
NtNotifyChangeMultipleKeys,0x00b7,0x00b7,0x00b7,0x00b7,0x00b7,0x00b7,0x00ed,0x00e9,0x00e9,0x00e9,0x00e9,0x00ec,0x00ec,0x00ec,0x00ec,0x00fe,0x0101,0x00fe,0x0101,0x0106,0x0109,0x010b,0x010f,0x0111,0x0113,0x0114,0x0115,0x0115,0x011a,0x011a
NtNotifyChangeSession,,,,,,,,,,,,0x00ed,0x00ed,0x00ed,0x00ed,0x00ff,0x0102,0x00ff,0x0102,0x0107,0x010a,0x010c,0x0110,0x0112,0x0114,0x0115,0x0116,0x0116,0x011b,0x011b
NtOpenDirectoryObject,0x0055,0x0055,0x0055,0x0055,0x0055,0x0055,0x0055,0x0055,0x0055,0x0055,0x0055,0x0055,0x0055,0x0055,0x0055,0x0056,0x0057,0x0056,0x0057,0x0058,0x0058,0x0058,0x0058,0x0058,0x0058,0x0058,0x0058,0x0058,0x0058,0x0058
NtOpenEnlistment,,,,,,,0x00ee,0x00ea,0x00ea,0x00ea,0x00ea,0x00ee,0x00ee,0x00ee,0x00ee,0x0100,0x0103,0x0100,0x0103,0x0108,0x010b,0x010d,0x0111,0x0113,0x0115,0x0116,0x0117,0x0117,0x011c,0x011c
NtOpenEvent,0x003d,0x003d,0x003d,0x003d,0x003d,0x003d,0x003d,0x003d,0x003d,0x003d,0x003d,0x003d,0x003d,0x003d,0x003d,0x003e,0x003f,0x003e,0x003f,0x0040,0x0040,0x0040,0x0040,0x0040,0x0040,0x0040,0x0040,0x0040,0x0040,0x0040
NtOpenEventPair,0x00b8,0x00b8,0x00b8,0x00b8,0x00b8,0x00b8,0x00ef,0x00eb,0x00eb,0x00eb,0x00eb,0x00ef,0x00ef,0x00ef,0x00ef,0x0101,0x0104,0x0101,0x0104,0x0109,0x010c,0x010e,0x0112,0x0114,0x0116,0x0117,0x0118,0x0118,0x011d,0x011d
NtOpenFile,0x0030,0x0030,0x0030,0x0030,0x0030,0x0030,0x0030,0x0030,0x0030,0x0030,0x0030,0x0030,0x0030,0x0030,0x0030,0x0031,0x0032,0x0031,0x0032,0x0033,0x0033,0x0033,0x0033,0x0033,0x0033,0x0033,0x0033,0x0033,0x0033,0x0033
NtOpenIoCompletion,0x00b9,0x00b9,0x00b9,0x00b9,0x00b9,0x00b9,0x00f0,0x00ec,0x00ec,0x00ec,0x00ec,0x00f0,0x00f0,0x00f0,0x00f0,0x0102,0x0105,0x0102,0x0105,0x010a,0x010d,0x010f,0x0113,0x0115,0x0117,0x0118,0x0119,0x0119,0x011e,0x011e
NtOpenJobObject,0x00ba,0x00ba,0x00ba,0x00ba,0x00ba,0x00ba,0x00f1,0x00ed,0x00ed,0x00ed,0x00ed,0x00f1,0x00f1,0x00f1,0x00f1,0x0103,0x0106,0x0103,0x0106,0x010b,0x010e,0x0110,0x0114,0x0116,0x0118,0x0119,0x011a,0x011a,0x011f,0x011f
NtOpenKey,0x000f,0x000f,0x000f,0x000f,0x000f,0x000f,0x000f,0x000f,0x000f,0x000f,0x000f,0x000f,0x000f,0x000f,0x000f,0x0010,0x0011,0x0010,0x0011,0x0012,0x0012,0x0012,0x0012,0x0012,0x0012,0x0012,0x0012,0x0012,0x0012,0x0012
NtOpenKeyEx,,,,,,,,,,,,0x00f2,0x00f2,0x00f2,0x00f2,0x0104,0x0107,0x0104,0x0107,0x010c,0x010f,0x0111,0x0115,0x0117,0x0119,0x011a,0x011b,0x011b,0x0120,0x0120
NtOpenKeyTransacted,,,,,,,0x00f2,0x00ee,0x00ee,0x00ee,0x00ee,0x00f3,0x00f3,0x00f3,0x00f3,0x0105,0x0108,0x0105,0x0108,0x010d,0x0110,0x0112,0x0116,0x0118,0x011a,0x011b,0x011c,0x011c,0x0121,0x0121
NtOpenKeyTransactedEx,,,,,,,,,,,,0x00f4,0x00f4,0x00f4,0x00f4,0x0106,0x0109,0x0106,0x0109,0x010e,0x0111,0x0113,0x0117,0x0119,0x011b,0x011c,0x011d,0x011d,0x0122,0x0122
NtOpenKeyedEvent,0x00bb,0x00bb,0x00bb,0x00bb,0x00bb,0x00bb,0x00f3,0x00ef,0x00ef,0x00ef,0x00ef,0x00f5,0x00f5,0x00f5,0x00f5,0x0107,0x010a,0x0107,0x010a,0x010f,0x0112,0x0114,0x0118,0x011a,0x011c,0x011d,0x011e,0x011e,0x0123,0x0123
NtOpenMutant,0x00bc,0x00bc,0x00bc,0x00bc,0x00bc,0x00bc,0x00f4,0x00f0,0x00f0,0x00f0,0x00f0,0x00f6,0x00f6,0x00f6,0x00f6,0x0108,0x010b,0x0108,0x010b,0x0110,0x0113,0x0115,0x0119,0x011b,0x011d,0x011e,0x011f,0x011f,0x0124,0x0124
NtOpenObjectAuditAlarm,0x00bd,0x00bd,0x00bd,0x00bd,0x00bd,0x00bd,0x00f5,0x00f1,0x00f1,0x00f1,0x00f1,0x00f7,0x00f7,0x00f7,0x00f7,0x0109,0x010c,0x0109,0x010c,0x0111,0x0114,0x0116,0x011a,0x011c,0x011e,0x011f,0x0120,0x0120,0x0125,0x0125
NtOpenPartition,,,,,,,,,,,,,,,,,,,,0x0112,0x0115,0x0117,0x011b,0x011d,0x011f,0x0120,0x0121,0x0121,0x0126,0x0126
NtOpenPrivateNamespace,,,,,,,0x00f6,0x00f2,0x00f2,0x00f2,0x00f2,0x00f8,0x00f8,0x00f8,0x00f8,0x010a,0x010d,0x010a,0x010d,0x0113,0x0116,0x0118,0x011c,0x011e,0x0120,0x0121,0x0122,0x0122,0x0127,0x0127
NtOpenProcess,0x0023,0x0023,0x0023,0x0023,0x0023,0x0023,0x0023,0x0023,0x0023,0x0023,0x0023,0x0023,0x0023,0x0023,0x0023,0x0024,0x0025,0x0024,0x0025,0x0026,0x0026,0x0026,0x0026,0x0026,0x0026,0x0026,0x0026,0x0026,0x0026,0x0026
NtOpenProcessToken,0x00be,0x00be,0x00be,0x00be,0x00be,0x00be,0x00f7,0x00f3,0x00f3,0x00f3,0x00f3,0x00f9,0x00f9,0x00f9,0x00f9,0x010b,0x010e,0x010b,0x010e,0x0114,0x0117,0x0119,0x011d,0x011f,0x0121,0x0122,0x0123,0x0123,0x0128,0x0128
NtOpenProcessTokenEx,0x002d,0x002d,0x002d,0x002d,0x002d,0x002d,0x002d,0x002d,0x002d,0x002d,0x002d,0x002d,0x002d,0x002d,0x002d,0x002e,0x002f,0x002e,0x002f,0x0030,0x0030,0x0030,0x0030,0x0030,0x0030,0x0030,0x0030,0x0030,0x0030,0x0030
NtOpenRegistryTransaction,,,,,,,,,,,,,,,,,,,,,,0x011a,0x011e,0x0120,0x0122,0x0123,0x0124,0x0124,0x0129,0x0129
NtOpenResourceManager,,,,,,,0x00f8,0x00f4,0x00f4,0x00f4,0x00f4,0x00fa,0x00fa,0x00fa,0x00fa,0x010c,0x010f,0x010c,0x010f,0x0115,0x0118,0x011b,0x011f,0x0121,0x0123,0x0124,0x0125,0x0125,0x012a,0x012a
NtOpenSection,0x0034,0x0034,0x0034,0x0034,0x0034,0x0034,0x0034,0x0034,0x0034,0x0034,0x0034,0x0034,0x0034,0x0034,0x0034,0x0035,0x0036,0x0035,0x0036,0x0037,0x0037,0x0037,0x0037,0x0037,0x0037,0x0037,0x0037,0x0037,0x0037,0x0037
NtOpenSemaphore,0x00bf,0x00bf,0x00bf,0x00bf,0x00bf,0x00bf,0x00f9,0x00f5,0x00f5,0x00f5,0x00f5,0x00fb,0x00fb,0x00fb,0x00fb,0x010d,0x0110,0x010d,0x0110,0x0116,0x0119,0x011c,0x0120,0x0122,0x0124,0x0125,0x0126,0x0126,0x012b,0x012b
NtOpenSession,,,,,,,0x00fa,0x00f6,0x00f6,0x00f6,0x00f6,0x00fc,0x00fc,0x00fc,0x00fc,0x010e,0x0111,0x010e,0x0111,0x0117,0x011a,0x011d,0x0121,0x0123,0x0125,0x0126,0x0127,0x0127,0x012c,0x012c
NtOpenSymbolicLinkObject,0x00c0,0x00c0,0x00c0,0x00c0,0x00c0,0x00c0,0x00fb,0x00f7,0x00f7,0x00f7,0x00f7,0x00fd,0x00fd,0x00fd,0x00fd,0x010f,0x0112,0x010f,0x0112,0x0118,0x011b,0x011e,0x0122,0x0124,0x0126,0x0127,0x0128,0x0128,0x012d,0x012d
NtOpenThread,0x00c1,0x00c1,0x00c1,0x00c1,0x00c1,0x00c1,0x00fc,0x00f8,0x00f8,0x00f8,0x00f8,0x00fe,0x00fe,0x00fe,0x00fe,0x0110,0x0113,0x0110,0x0113,0x0119,0x011c,0x011f,0x0123,0x0125,0x0127,0x0128,0x0129,0x0129,0x012e,0x012e
NtOpenThreadToken,0x0021,0x0021,0x0021,0x0021,0x0021,0x0021,0x0021,0x0021,0x0021,0x0021,0x0021,0x0021,0x0021,0x0021,0x0021,0x0022,0x0023,0x0022,0x0023,0x0024,0x0024,0x0024,0x0024,0x0024,0x0024,0x0024,0x0024,0x0024,0x0024,0x0024
NtOpenThreadTokenEx,0x002c,0x002c,0x002c,0x002c,0x002c,0x002c,0x002c,0x002c,0x002c,0x002c,0x002c,0x002c,0x002c,0x002c,0x002c,0x002d,0x002e,0x002d,0x002e,0x002f,0x002f,0x002f,0x002f,0x002f,0x002f,0x002f,0x002f,0x002f,0x002f,0x002f
NtOpenTimer,0x00c2,0x00c2,0x00c2,0x00c2,0x00c2,0x00c2,0x00fd,0x00f9,0x00f9,0x00f9,0x00f9,0x00ff,0x00ff,0x00ff,0x00ff,0x0111,0x0114,0x0111,0x0114,0x011a,0x011d,0x0120,0x0124,0x0126,0x0128,0x0129,0x012a,0x012a,0x012f,0x012f
NtOpenTransaction,,,,,,,0x00fe,0x00fa,0x00fa,0x00fa,0x00fa,0x0100,0x0100,0x0100,0x0100,0x0112,0x0115,0x0112,0x0115,0x011b,0x011e,0x0121,0x0125,0x0127,0x0129,0x012a,0x012b,0x012b,0x0130,0x0130
NtOpenTransactionManager,,,,,,,0x00ff,0x00fb,0x00fb,0x00fb,0x00fb,0x0101,0x0101,0x0101,0x0101,0x0113,0x0116,0x0113,0x0116,0x011c,0x011f,0x0122,0x0126,0x0128,0x012a,0x012b,0x012c,0x012c,0x0131,0x0131
NtPlugPlayControl,0x00c3,0x00c3,0x00c3,0x00c3,0x00c3,0x00c3,0x0100,0x00fc,0x00fc,0x00fc,0x00fc,0x0102,0x0102,0x0102,0x0102,0x0114,0x0117,0x0114,0x0117,0x011d,0x0120,0x0123,0x0127,0x0129,0x012b,0x012c,0x012d,0x012d,0x0132,0x0132
NtPowerInformation,0x005c,0x005c,0x005c,0x005c,0x005c,0x005c,0x005c,0x005c,0x005c,0x005c,0x005c,0x005c,0x005c,0x005c,0x005c,0x005d,0x005e,0x005d,0x005e,0x005f,0x005f,0x005f,0x005f,0x005f,0x005f,0x005f,0x005f,0x005f,0x005f,0x005f
NtPrePrepareComplete,,,,,,,0x0101,0x00fd,0x00fd,0x00fd,0x00fd,0x0103,0x0103,0x0103,0x0103,0x0115,0x0118,0x0115,0x0118,0x011e,0x0121,0x0124,0x0128,0x012a,0x012c,0x012d,0x012e,0x012e,0x0133,0x0133
NtPrePrepareEnlistment,,,,,,,0x0102,0x00fe,0x00fe,0x00fe,0x00fe,0x0104,0x0104,0x0104,0x0104,0x0116,0x0119,0x0116,0x0119,0x011f,0x0122,0x0125,0x0129,0x012b,0x012d,0x012e,0x012f,0x012f,0x0134,0x0134
NtPrepareComplete,,,,,,,0x0103,0x00ff,0x00ff,0x00ff,0x00ff,0x0105,0x0105,0x0105,0x0105,0x0117,0x011a,0x0117,0x011a,0x0120,0x0123,0x0126,0x012a,0x012c,0x012e,0x012f,0x0130,0x0130,0x0135,0x0135
NtPrepareEnlistment,,,,,,,0x0104,0x0100,0x0100,0x0100,0x0100,0x0106,0x0106,0x0106,0x0106,0x0118,0x011b,0x0118,0x011b,0x0121,0x0124,0x0127,0x012b,0x012d,0x012f,0x0130,0x0131,0x0131,0x0136,0x0136
NtPrivilegeCheck,0x00c4,0x00c4,0x00c4,0x00c4,0x00c4,0x00c4,0x0105,0x0101,0x0101,0x0101,0x0101,0x0107,0x0107,0x0107,0x0107,0x0119,0x011c,0x0119,0x011c,0x0122,0x0125,0x0128,0x012c,0x012e,0x0130,0x0131,0x0132,0x0132,0x0137,0x0137
NtPrivilegeObjectAuditAlarm,0x00c5,0x00c5,0x00c5,0x00c5,0x00c5,0x00c5,0x0106,0x0102,0x0102,0x0102,0x0102,0x0108,0x0108,0x0108,0x0108,0x011a,0x011d,0x011a,0x011d,0x0123,0x0126,0x0129,0x012d,0x012f,0x0131,0x0132,0x0133,0x0133,0x0138,0x0138
NtPrivilegedServiceAuditAlarm,0x00c6,0x00c6,0x00c6,0x00c6,0x00c6,0x00c6,0x0107,0x0103,0x0103,0x0103,0x0103,0x0109,0x0109,0x0109,0x0109,0x011b,0x011e,0x011b,0x011e,0x0124,0x0127,0x012a,0x012e,0x0130,0x0132,0x0133,0x0134,0x0134,0x0139,0x0139
NtPropagationComplete,,,,,,,0x0108,0x0104,0x0104,0x0104,0x0104,0x010a,0x010a,0x010a,0x010a,0x011c,0x011f,0x011c,0x011f,0x0125,0x0128,0x012b,0x012f,0x0131,0x0133,0x0134,0x0135,0x0135,0x013a,0x013a
NtPropagationFailed,,,,,,,0x0109,0x0105,0x0105,0x0105,0x0105,0x010b,0x010b,0x010b,0x010b,0x011d,0x0120,0x011d,0x0120,0x0126,0x0129,0x012c,0x0130,0x0132,0x0134,0x0135,0x0136,0x0136,0x013b,0x013b
NtProtectVirtualMemory,0x004d,0x004d,0x004d,0x004d,0x004d,0x004d,0x004d,0x004d,0x004d,0x004d,0x004d,0x004d,0x004d,0x004d,0x004d,0x004e,0x004f,0x004e,0x004f,0x0050,0x0050,0x0050,0x0050,0x0050,0x0050,0x0050,0x0050,0x0050,0x0050,0x0050
NtPssCaptureVaSpaceBulk,,,,,,,,,,,,,,,,,,,,,,,,,,,,,0x013c,0x013c
NtPullTransaction,,,,,,,0x010a,,,,,,,,,,,,,,,,,,,,,,,
NtPulseEvent,0x00c7,0x00c7,0x00c7,0x00c7,0x00c7,0x00c7,0x010b,0x0106,0x0106,0x0106,0x0106,0x010c,0x010c,0x010c,0x010c,0x011e,0x0121,0x011e,0x0121,0x0127,0x012a,0x012d,0x0131,0x0133,0x0135,0x0136,0x0137,0x0137,0x013d,0x013d
NtQueryAttributesFile,0x003a,0x003a,0x003a,0x003a,0x003a,0x003a,0x003a,0x003a,0x003a,0x003a,0x003a,0x003a,0x003a,0x003a,0x003a,0x003b,0x003c,0x003b,0x003c,0x003d,0x003d,0x003d,0x003d,0x003d,0x003d,0x003d,0x003d,0x003d,0x003d,0x003d
NtQueryAuxiliaryCounterFrequency,,,,,,,,,,,,,,,,,,,,,,,0x0132,0x0134,0x0136,0x0137,0x0138,0x0138,0x013e,0x013e
NtQueryBootEntryOrder,0x00c8,0x00c8,0x00c8,0x00c8,0x00c8,0x00c8,0x010c,0x0107,0x0107,0x0107,0x0107,0x010d,0x010d,0x010d,0x010d,0x011f,0x0122,0x011f,0x0122,0x0128,0x012b,0x012e,0x0133,0x0135,0x0137,0x0138,0x0139,0x0139,0x013f,0x013f
NtQueryBootOptions,0x00c9,0x00c9,0x00c9,0x00c9,0x00c9,0x00c9,0x010d,0x0108,0x0108,0x0108,0x0108,0x010e,0x010e,0x010e,0x010e,0x0120,0x0123,0x0120,0x0123,0x0129,0x012c,0x012f,0x0134,0x0136,0x0138,0x0139,0x013a,0x013a,0x0140,0x0140
NtQueryDebugFilterState,0x00ca,0x00ca,0x00ca,0x00ca,0x00ca,0x00ca,0x010e,0x0109,0x0109,0x0109,0x0109,0x010f,0x010f,0x010f,0x010f,0x0121,0x0124,0x0121,0x0124,0x012a,0x012d,0x0130,0x0135,0x0137,0x0139,0x013a,0x013b,0x013b,0x0141,0x0141
NtQueryDefaultLocale,0x0012,0x0012,0x0012,0x0012,0x0012,0x0012,0x0012,0x0012,0x0012,0x0012,0x0012,0x0012,0x0012,0x0012,0x0012,0x0013,0x0014,0x0013,0x0014,0x0015,0x0015,0x0015,0x0015,0x0015,0x0015,0x0015,0x0015,0x0015,0x0015,0x0015
NtQueryDefaultUILanguage,0x0041,0x0041,0x0041,0x0041,0x0041,0x0041,0x0041,0x0041,0x0041,0x0041,0x0041,0x0041,0x0041,0x0041,0x0041,0x0042,0x0043,0x0042,0x0043,0x0044,0x0044,0x0044,0x0044,0x0044,0x0044,0x0044,0x0044,0x0044,0x0044,0x0044
NtQueryDirectoryFile,0x0032,0x0032,0x0032,0x0032,0x0032,0x0032,0x0032,0x0032,0x0032,0x0032,0x0032,0x0032,0x0032,0x0032,0x0032,0x0033,0x0034,0x0033,0x0034,0x0035,0x0035,0x0035,0x0035,0x0035,0x0035,0x0035,0x0035,0x0035,0x0035,0x0035
NtQueryDirectoryFileEx,,,,,,,,,,,,,,,,,,,,,,,,0x0138,0x013a,0x013b,0x013c,0x013c,0x0142,0x0142
NtQueryDirectoryObject,0x00cb,0x00cb,0x00cb,0x00cb,0x00cb,0x00cb,0x010f,0x010a,0x010a,0x010a,0x010a,0x0110,0x0110,0x0110,0x0110,0x0122,0x0125,0x0122,0x0125,0x012b,0x012e,0x0131,0x0136,0x0139,0x013b,0x013c,0x013d,0x013d,0x0143,0x0143
NtQueryDriverEntryOrder,0x00cc,0x00cc,0x00cc,0x00cc,0x00cc,0x00cc,0x0110,0x010b,0x010b,0x010b,0x010b,0x0111,0x0111,0x0111,0x0111,0x0123,0x0126,0x0123,0x0126,0x012c,0x012f,0x0132,0x0137,0x013a,0x013c,0x013d,0x013e,0x013e,0x0144,0x0144
NtQueryEaFile,0x00cd,0x00cd,0x00cd,0x00cd,0x00cd,0x00cd,0x0111,0x010c,0x010c,0x010c,0x010c,0x0112,0x0112,0x0112,0x0112,0x0124,0x0127,0x0124,0x0127,0x012d,0x0130,0x0133,0x0138,0x013b,0x013d,0x013e,0x013f,0x013f,0x0145,0x0145
NtQueryEvent,0x0053,0x0053,0x0053,0x0053,0x0053,0x0053,0x0053,0x0053,0x0053,0x0053,0x0053,0x0053,0x0053,0x0053,0x0053,0x0054,0x0055,0x0054,0x0055,0x0056,0x0056,0x0056,0x0056,0x0056,0x0056,0x0056,0x0056,0x0056,0x0056,0x0056
NtQueryFullAttributesFile,0x00ce,0x00ce,0x00ce,0x00ce,0x00ce,0x00ce,0x0112,0x010d,0x010d,0x010d,0x010d,0x0113,0x0113,0x0113,0x0113,0x0125,0x0128,0x0125,0x0128,0x012e,0x0131,0x0134,0x0139,0x013c,0x013e,0x013f,0x0140,0x0140,0x0146,0x0146
NtQueryInformationAtom,0x00cf,0x00cf,0x00cf,0x00cf,0x00cf,0x00cf,0x0113,0x010e,0x010e,0x010e,0x010e,0x0114,0x0114,0x0114,0x0114,0x0126,0x0129,0x0126,0x0129,0x012f,0x0132,0x0135,0x013a,0x013d,0x013f,0x0140,0x0141,0x0141,0x0147,0x0147
NtQueryInformationByName,,,,,,,,,,,,,,,,,,,,,,,0x013b,0x013e,0x0140,0x0141,0x0142,0x0142,0x0148,0x0148
NtQueryInformationEnlistment,,,,,,,0x0114,0x010f,0x010f,0x010f,0x010f,0x0115,0x0115,0x0115,0x0115,0x0127,0x012a,0x0127,0x012a,0x0130,0x0133,0x0136,0x013c,0x013f,0x0141,0x0142,0x0143,0x0143,0x0149,0x0149
NtQueryInformationFile,0x000e,0x000e,0x000e,0x000e,0x000e,0x000e,0x000e,0x000e,0x000e,0x000e,0x000e,0x000e,0x000e,0x000e,0x000e,0x000f,0x0010,0x000f,0x0010,0x0011,0x0011,0x0011,0x0011,0x0011,0x0011,0x0011,0x0011,0x0011,0x0011,0x0011
NtQueryInformationJobObject,0x00d0,0x00d0,0x00d0,0x00d0,0x00d0,0x00d0,0x0115,0x0110,0x0110,0x0110,0x0110,0x0116,0x0116,0x0116,0x0116,0x0128,0x012b,0x0128,0x012b,0x0131,0x0134,0x0137,0x013d,0x0140,0x0142,0x0143,0x0144,0x0144,0x014a,0x014a
NtQueryInformationPort,0x00d1,0x00d1,0x00d1,0x00d1,0x00d1,0x00d1,0x0116,0x0111,0x0111,0x0111,0x0111,0x0117,0x0117,0x0117,0x0117,0x0129,0x012c,0x0129,0x012c,0x0132,0x0135,0x0138,0x013e,0x0141,0x0143,0x0144,0x0145,0x0145,0x014b,0x014b
NtQueryInformationProcess,0x0016,0x0016,0x0016,0x0016,0x0016,0x0016,0x0016,0x0016,0x0016,0x0016,0x0016,0x0016,0x0016,0x0016,0x0016,0x0017,0x0018,0x0017,0x0018,0x0019,0x0019,0x0019,0x0019,0x0019,0x0019,0x0019,0x0019,0x0019,0x0019,0x0019
NtQueryInformationResourceManager,,,,,,,0x0117,0x0112,0x0112,0x0112,0x0112,0x0118,0x0118,0x0118,0x0118,0x012a,0x012d,0x012a,0x012d,0x0133,0x0136,0x0139,0x013f,0x0142,0x0144,0x0145,0x0146,0x0146,0x014c,0x014c
NtQueryInformationThread,0x0022,0x0022,0x0022,0x0022,0x0022,0x0022,0x0022,0x0022,0x0022,0x0022,0x0022,0x0022,0x0022,0x0022,0x0022,0x0023,0x0024,0x0023,0x0024,0x0025,0x0025,0x0025,0x0025,0x0025,0x0025,0x0025,0x0025,0x0025,0x0025,0x0025
NtQueryInformationToken,0x001e,0x001e,0x001e,0x001e,0x001e,0x001e,0x001e,0x001e,0x001e,0x001e,0x001e,0x001e,0x001e,0x001e,0x001e,0x001f,0x0020,0x001f,0x0020,0x0021,0x0021,0x0021,0x0021,0x0021,0x0021,0x0021,0x0021,0x0021,0x0021,0x0021
NtQueryInformationTransaction,,,,,,,0x0118,0x0113,0x0113,0x0113,0x0113,0x0119,0x0119,0x0119,0x0119,0x012b,0x012e,0x012b,0x012e,0x0134,0x0137,0x013a,0x0140,0x0143,0x0145,0x0146,0x0147,0x0147,0x014d,0x014d
NtQueryInformationTransactionManager,,,,,,,0x0119,0x0114,0x0114,0x0114,0x0114,0x011a,0x011a,0x011a,0x011a,0x012c,0x012f,0x012c,0x012f,0x0135,0x0138,0x013b,0x0141,0x0144,0x0146,0x0147,0x0148,0x0148,0x014e,0x014e
NtQueryInformationWorkerFactory,,,,,,,0x011a,0x0115,0x0115,0x0115,0x0115,0x011b,0x011b,0x011b,0x011b,0x012d,0x0130,0x012d,0x0130,0x0136,0x0139,0x013c,0x0142,0x0145,0x0147,0x0148,0x0149,0x0149,0x014f,0x014f
NtQueryInstallUILanguage,0x00d2,0x00d2,0x00d2,0x00d2,0x00d2,0x00d2,0x011b,0x0116,0x0116,0x0116,0x0116,0x011c,0x011c,0x011c,0x011c,0x012e,0x0131,0x012e,0x0131,0x0137,0x013a,0x013d,0x0143,0x0146,0x0148,0x0149,0x014a,0x014a,0x0150,0x0150
NtQueryIntervalProfile,0x00d3,0x00d3,0x00d3,0x00d3,0x00d3,0x00d3,0x011c,0x0117,0x0117,0x0117,0x0117,0x011d,0x011d,0x011d,0x011d,0x012f,0x0132,0x012f,0x0132,0x0138,0x013b,0x013e,0x0144,0x0147,0x0149,0x014a,0x014b,0x014b,0x0151,0x0151
NtQueryIoCompletion,0x00d4,0x00d4,0x00d4,0x00d4,0x00d4,0x00d4,0x011d,0x0118,0x0118,0x0118,0x0118,0x011e,0x011e,0x011e,0x011e,0x0130,0x0133,0x0130,0x0133,0x0139,0x013c,0x013f,0x0145,0x0148,0x014a,0x014b,0x014c,0x014c,0x0152,0x0152
NtQueryKey,0x0013,0x0013,0x0013,0x0013,0x0013,0x0013,0x0013,0x0013,0x0013,0x0013,0x0013,0x0013,0x0013,0x0013,0x0013,0x0014,0x0015,0x0014,0x0015,0x0016,0x0016,0x0016,0x0016,0x0016,0x0016,0x0016,0x0016,0x0016,0x0016,0x0016
NtQueryLicenseValue,,,,,,,0x011e,0x0119,0x0119,0x0119,0x0119,0x011f,0x011f,0x011f,0x011f,0x0131,0x0134,0x0131,0x0134,0x013a,0x013d,0x0140,0x0146,0x0149,0x014b,0x014c,0x014d,0x014d,0x0153,0x0153
NtQueryMultipleValueKey,0x00d5,0x00d5,0x00d5,0x00d5,0x00d5,0x00d5,0x011f,0x011a,0x011a,0x011a,0x011a,0x0120,0x0120,0x0120,0x0120,0x0132,0x0135,0x0132,0x0135,0x013b,0x013e,0x0141,0x0147,0x014a,0x014c,0x014d,0x014e,0x014e,0x0154,0x0154
NtQueryMutant,0x00d6,0x00d6,0x00d6,0x00d6,0x00d6,0x00d6,0x0120,0x011b,0x011b,0x011b,0x011b,0x0121,0x0121,0x0121,0x0121,0x0133,0x0136,0x0133,0x0136,0x013c,0x013f,0x0142,0x0148,0x014b,0x014d,0x014e,0x014f,0x014f,0x0155,0x0155
NtQueryObject,0x000d,0x000d,0x000d,0x000d,0x000d,0x000d,0x000d,0x000d,0x000d,0x000d,0x000d,0x000d,0x000d,0x000d,0x000d,0x000e,0x000f,0x000e,0x000f,0x0010,0x0010,0x0010,0x0010,0x0010,0x0010,0x0010,0x0010,0x0010,0x0010,0x0010
NtQueryOpenSubKeys,0x00d7,0x00d7,0x00d7,0x00d7,0x00d7,0x00d7,0x0121,0x011c,0x011c,0x011c,0x011c,0x0122,0x0122,0x0122,0x0122,0x0134,0x0137,0x0134,0x0137,0x013d,0x0140,0x0143,0x0149,0x014c,0x014e,0x014f,0x0150,0x0150,0x0156,0x0156
NtQueryOpenSubKeysEx,0x00d8,0x00d8,0x00d8,0x00d8,0x00d8,0x00d8,0x0122,0x011d,0x011d,0x011d,0x011d,0x0123,0x0123,0x0123,0x0123,0x0135,0x0138,0x0135,0x0138,0x013e,0x0141,0x0144,0x014a,0x014d,0x014f,0x0150,0x0151,0x0151,0x0157,0x0157
NtQueryPerformanceCounter,0x002e,0x002e,0x002e,0x002e,0x002e,0x002e,0x002e,0x002e,0x002e,0x002e,0x002e,0x002e,0x002e,0x002e,0x002e,0x002f,0x0030,0x002f,0x0030,0x0031,0x0031,0x0031,0x0031,0x0031,0x0031,0x0031,0x0031,0x0031,0x0031,0x0031
NtQueryPortInformationProcess,0x00d9,0x00d9,0x00d9,0x00d9,0x00d9,0x00d9,0x0123,0x011e,0x011e,0x011e,0x011e,0x0124,0x0124,0x0124,0x0124,0x0136,0x0139,0x0136,0x0139,0x013f,0x0142,0x0145,0x014b,0x014e,0x0150,0x0151,0x0152,0x0152,0x0158,0x0158
NtQueryQuotaInformationFile,0x00da,0x00da,0x00da,0x00da,0x00da,0x00da,0x0124,0x011f,0x011f,0x011f,0x011f,0x0125,0x0125,0x0125,0x0125,0x0137,0x013a,0x0137,0x013a,0x0140,0x0143,0x0146,0x014c,0x014f,0x0151,0x0152,0x0153,0x0153,0x0159,0x0159
NtQuerySection,0x004e,0x004e,0x004e,0x004e,0x004e,0x004e,0x004e,0x004e,0x004e,0x004e,0x004e,0x004e,0x004e,0x004e,0x004e,0x004f,0x0050,0x004f,0x0050,0x0051,0x0051,0x0051,0x0051,0x0051,0x0051,0x0051,0x0051,0x0051,0x0051,0x0051
NtQuerySecurityAttributesToken,,,,,,,,,,,,0x0126,0x0126,0x0126,0x0126,0x0138,0x013b,0x0138,0x013b,0x0141,0x0144,0x0147,0x014d,0x0150,0x0152,0x0153,0x0154,0x0154,0x015a,0x015a
NtQuerySecurityObject,0x00db,0x00db,0x00db,0x00db,0x00db,0x00db,0x0125,0x0120,0x0120,0x0120,0x0120,0x0127,0x0127,0x0127,0x0127,0x0139,0x013c,0x0139,0x013c,0x0142,0x0145,0x0148,0x014e,0x0151,0x0153,0x0154,0x0155,0x0155,0x015b,0x015b
NtQuerySecurityPolicy,,,,,,,,,,,,,,,,,,,,,,0x0149,0x014f,0x0152,0x0154,0x0155,0x0156,0x0156,0x015c,0x015c
NtQuerySemaphore,0x00dc,0x00dc,0x00dc,0x00dc,0x00dc,0x00dc,0x0126,0x0121,0x0121,0x0121,0x0121,0x0128,0x0128,0x0128,0x0128,0x013a,0x013d,0x013a,0x013d,0x0143,0x0146,0x014a,0x0150,0x0153,0x0155,0x0156,0x0157,0x0157,0x015d,0x015d
NtQuerySymbolicLinkObject,0x00dd,0x00dd,0x00dd,0x00dd,0x00dd,0x00dd,0x0127,0x0122,0x0122,0x0122,0x0122,0x0129,0x0129,0x0129,0x0129,0x013b,0x013e,0x013b,0x013e,0x0144,0x0147,0x014b,0x0151,0x0154,0x0156,0x0157,0x0158,0x0158,0x015e,0x015e
NtQuerySystemEnvironmentValue,0x00de,0x00de,0x00de,0x00de,0x00de,0x00de,0x0128,0x0123,0x0123,0x0123,0x0123,0x012a,0x012a,0x012a,0x012a,0x013c,0x013f,0x013c,0x013f,0x0145,0x0148,0x014c,0x0152,0x0155,0x0157,0x0158,0x0159,0x0159,0x015f,0x015f
NtQuerySystemEnvironmentValueEx,0x00df,0x00df,0x00df,0x00df,0x00df,0x00df,0x0129,0x0124,0x0124,0x0124,0x0124,0x012b,0x012b,0x012b,0x012b,0x013d,0x0140,0x013d,0x0140,0x0146,0x0149,0x014d,0x0153,0x0156,0x0158,0x0159,0x015a,0x015a,0x0160,0x0160
NtQuerySystemInformation,0x0033,0x0033,0x0033,0x0033,0x0033,0x0033,0x0033,0x0033,0x0033,0x0033,0x0033,0x0033,0x0033,0x0033,0x0033,0x0034,0x0035,0x0034,0x0035,0x0036,0x0036,0x0036,0x0036,0x0036,0x0036,0x0036,0x0036,0x0036,0x0036,0x0036
NtQuerySystemInformationEx,,,,,,,,,,,,0x012c,0x012c,0x012c,0x012c,0x013e,0x0141,0x013e,0x0141,0x0147,0x014a,0x014e,0x0154,0x0157,0x0159,0x015a,0x015b,0x015b,0x0161,0x0161
NtQuerySystemTime,0x0057,0x0057,0x0057,0x0057,0x0057,0x0057,0x0057,0x0057,0x0057,0x0057,0x0057,0x0057,0x0057,0x0057,0x0057,0x0058,0x0059,0x0058,0x0059,0x005a,0x005a,0x005a,0x005a,0x005a,0x005a,0x005a,0x005a,0x005a,0x005a,0x005a
NtQueryTimer,0x0035,0x0035,0x0035,0x0035,0x0035,0x0035,0x0035,0x0035,0x0035,0x0035,0x0035,0x0035,0x0035,0x0035,0x0035,0x0036,0x0037,0x0036,0x0037,0x0038,0x0038,0x0038,0x0038,0x0038,0x0038,0x0038,0x0038,0x0038,0x0038,0x0038
NtQueryTimerResolution,0x00e0,0x00e0,0x00e0,0x00e0,0x00e0,0x00e0,0x012a,0x0125,0x0125,0x0125,0x0125,0x012d,0x012d,0x012d,0x012d,0x013f,0x0142,0x013f,0x0142,0x0148,0x014b,0x014f,0x0155,0x0158,0x015a,0x015b,0x015c,0x015c,0x0162,0x0162
NtQueryValueKey,0x0014,0x0014,0x0014,0x0014,0x0014,0x0014,0x0014,0x0014,0x0014,0x0014,0x0014,0x0014,0x0014,0x0014,0x0014,0x0015,0x0016,0x0015,0x0016,0x0017,0x0017,0x0017,0x0017,0x0017,0x0017,0x0017,0x0017,0x0017,0x0017,0x0017
NtQueryVirtualMemory,0x0020,0x0020,0x0020,0x0020,0x0020,0x0020,0x0020,0x0020,0x0020,0x0020,0x0020,0x0020,0x0020,0x0020,0x0020,0x0021,0x0022,0x0021,0x0022,0x0023,0x0023,0x0023,0x0023,0x0023,0x0023,0x0023,0x0023,0x0023,0x0023,0x0023
NtQueryVolumeInformationFile,0x0046,0x0046,0x0046,0x0046,0x0046,0x0046,0x0046,0x0046,0x0046,0x0046,0x0046,0x0046,0x0046,0x0046,0x0046,0x0047,0x0048,0x0047,0x0048,0x0049,0x0049,0x0049,0x0049,0x0049,0x0049,0x0049,0x0049,0x0049,0x0049,0x0049
NtQueryWnfStateData,,,,,,,,,,,,,,,,0x0140,0x0143,0x0140,0x0143,0x0149,0x014c,0x0150,0x0156,0x0159,0x015b,0x015c,0x015d,0x015d,0x0163,0x0163
NtQueryWnfStateNameInformation,,,,,,,,,,,,,,,,0x0141,0x0144,0x0141,0x0144,0x014a,0x014d,0x0151,0x0157,0x015a,0x015c,0x015d,0x015e,0x015e,0x0164,0x0164
NtQueueApcThread,0x0042,0x0042,0x0042,0x0042,0x0042,0x0042,0x0042,0x0042,0x0042,0x0042,0x0042,0x0042,0x0042,0x0042,0x0042,0x0043,0x0044,0x0043,0x0044,0x0045,0x0045,0x0045,0x0045,0x0045,0x0045,0x0045,0x0045,0x0045,0x0045,0x0045
NtQueueApcThreadEx,,,,,,,,,,,,0x012e,0x012e,0x012e,0x012e,0x0142,0x0145,0x0142,0x0145,0x014b,0x014e,0x0152,0x0158,0x015b,0x015d,0x015e,0x015f,0x015f,0x0165,0x0165
NtRaiseException,0x00e1,0x00e1,0x00e1,0x00e1,0x00e1,0x00e1,0x012b,0x0126,0x0126,0x0126,0x0126,0x012f,0x012f,0x012f,0x012f,0x0143,0x0146,0x0143,0x0146,0x014c,0x014f,0x0153,0x0159,0x015c,0x015e,0x015f,0x0160,0x0160,0x0166,0x0166
NtRaiseHardError,0x00e2,0x00e2,0x00e2,0x00e2,0x00e2,0x00e2,0x012c,0x0127,0x0127,0x0127,0x0127,0x0130,0x0130,0x0130,0x0130,0x0144,0x0147,0x0144,0x0147,0x014d,0x0150,0x0154,0x015a,0x015d,0x015f,0x0160,0x0161,0x0161,0x0167,0x0167
NtReadFile,0x0003,0x0003,0x0003,0x0003,0x0003,0x0003,0x0003,0x0003,0x0003,0x0003,0x0003,0x0003,0x0003,0x0003,0x0003,0x0004,0x0005,0x0004,0x0005,0x0006,0x0006,0x0006,0x0006,0x0006,0x0006,0x0006,0x0006,0x0006,0x0006,0x0006
NtReadFileScatter,0x002b,0x002b,0x002b,0x002b,0x002b,0x002b,0x002b,0x002b,0x002b,0x002b,0x002b,0x002b,0x002b,0x002b,0x002b,0x002c,0x002d,0x002c,0x002d,0x002e,0x002e,0x002e,0x002e,0x002e,0x002e,0x002e,0x002e,0x002e,0x002e,0x002e
NtReadOnlyEnlistment,,,,,,,0x012d,0x0128,0x0128,0x0128,0x0128,0x0131,0x0131,0x0131,0x0131,0x0145,0x0148,0x0145,0x0148,0x014e,0x0151,0x0155,0x015b,0x015e,0x0160,0x0161,0x0162,0x0162,0x0168,0x0168
NtReadRequestData,0x0051,0x0051,0x0051,0x0051,0x0051,0x0051,0x0051,0x0051,0x0051,0x0051,0x0051,0x0051,0x0051,0x0051,0x0051,0x0052,0x0053,0x0052,0x0053,0x0054,0x0054,0x0054,0x0054,0x0054,0x0054,0x0054,0x0054,0x0054,0x0054,0x0054
NtReadVirtualMemory,0x003c,0x003c,0x003c,0x003c,0x003c,0x003c,0x003c,0x003c,0x003c,0x003c,0x003c,0x003c,0x003c,0x003c,0x003c,0x003d,0x003e,0x003d,0x003e,0x003f,0x003f,0x003f,0x003f,0x003f,0x003f,0x003f,0x003f,0x003f,0x003f,0x003f
NtRecoverEnlistment,,,,,,,0x012e,0x0129,0x0129,0x0129,0x0129,0x0132,0x0132,0x0132,0x0132,0x0146,0x0149,0x0146,0x0149,0x014f,0x0152,0x0156,0x015c,0x015f,0x0161,0x0162,0x0163,0x0163,0x0169,0x0169
NtRecoverResourceManager,,,,,,,0x012f,0x012a,0x012a,0x012a,0x012a,0x0133,0x0133,0x0133,0x0133,0x0147,0x014a,0x0147,0x014a,0x0150,0x0153,0x0157,0x015d,0x0160,0x0162,0x0163,0x0164,0x0164,0x016a,0x016a
NtRecoverTransactionManager,,,,,,,0x0130,0x012b,0x012b,0x012b,0x012b,0x0134,0x0134,0x0134,0x0134,0x0148,0x014b,0x0148,0x014b,0x0151,0x0154,0x0158,0x015e,0x0161,0x0163,0x0164,0x0165,0x0165,0x016b,0x016b
NtRegisterProtocolAddressInformation,,,,,,,0x0131,0x012c,0x012c,0x012c,0x012c,0x0135,0x0135,0x0135,0x0135,0x0149,0x014c,0x0149,0x014c,0x0152,0x0155,0x0159,0x015f,0x0162,0x0164,0x0165,0x0166,0x0166,0x016c,0x016c
NtRegisterThreadTerminatePort,0x00e3,0x00e3,0x00e3,0x00e3,0x00e3,0x00e3,0x0132,0x012d,0x012d,0x012d,0x012d,0x0136,0x0136,0x0136,0x0136,0x014a,0x014d,0x014a,0x014d,0x0153,0x0156,0x015a,0x0160,0x0163,0x0165,0x0166,0x0167,0x0167,0x016d,0x016d
NtReleaseCMFViewOwnership,,,,,,,0x0133,0x012e,0x012e,0x012e,0x012e,,,,,,,,,,,,,,,,,,,
NtReleaseKeyedEvent,0x00e4,0x00e4,0x00e4,0x00e4,0x00e4,0x00e4,0x0134,0x012f,0x012f,0x012f,0x012f,0x0137,0x0137,0x0137,0x0137,0x014b,0x014e,0x014b,0x014e,0x0154,0x0157,0x015b,0x0161,0x0164,0x0166,0x0167,0x0168,0x0168,0x016e,0x016e
NtReleaseMutant,0x001d,0x001d,0x001d,0x001d,0x001d,0x001d,0x001d,0x001d,0x001d,0x001d,0x001d,0x001d,0x001d,0x001d,0x001d,0x001e,0x001f,0x001e,0x001f,0x0020,0x0020,0x0020,0x0020,0x0020,0x0020,0x0020,0x0020,0x0020,0x0020,0x0020
NtReleaseSemaphore,0x0007,0x0007,0x0007,0x0007,0x0007,0x0007,0x0007,0x0007,0x0007,0x0007,0x0007,0x0007,0x0007,0x0007,0x0007,0x0008,0x0009,0x0008,0x0009,0x000a,0x000a,0x000a,0x000a,0x000a,0x000a,0x000a,0x000a,0x000a,0x000a,0x000a
NtReleaseWorkerFactoryWorker,,,,,,,0x0135,0x0130,0x0130,0x0130,0x0130,0x0138,0x0138,0x0138,0x0138,0x014c,0x014f,0x014c,0x014f,0x0155,0x0158,0x015c,0x0162,0x0165,0x0167,0x0168,0x0169,0x0169,0x016f,0x016f
NtRemoveIoCompletion,0x0006,0x0006,0x0006,0x0006,0x0006,0x0006,0x0006,0x0006,0x0006,0x0006,0x0006,0x0006,0x0006,0x0006,0x0006,0x0007,0x0008,0x0007,0x0008,0x0009,0x0009,0x0009,0x0009,0x0009,0x0009,0x0009,0x0009,0x0009,0x0009,0x0009
NtRemoveIoCompletionEx,,,,,,,0x0136,0x0131,0x0131,0x0131,0x0131,0x0139,0x0139,0x0139,0x0139,0x014d,0x0150,0x014d,0x0150,0x0156,0x0159,0x015d,0x0163,0x0166,0x0168,0x0169,0x016a,0x016a,0x0170,0x0170
NtRemoveProcessDebug,0x00e5,0x00e5,0x00e5,0x00e5,0x00e5,0x00e5,0x0137,0x0132,0x0132,0x0132,0x0132,0x013a,0x013a,0x013a,0x013a,0x014e,0x0151,0x014e,0x0151,0x0157,0x015a,0x015e,0x0164,0x0167,0x0169,0x016a,0x016b,0x016b,0x0171,0x0171
NtRenameKey,0x00e6,0x00e6,0x00e6,0x00e6,0x00e6,0x00e6,0x0138,0x0133,0x0133,0x0133,0x0133,0x013b,0x013b,0x013b,0x013b,0x014f,0x0152,0x014f,0x0152,0x0158,0x015b,0x015f,0x0165,0x0168,0x016a,0x016b,0x016c,0x016c,0x0172,0x0172
NtRenameTransactionManager,,,,,,,,0x0134,0x0134,0x0134,0x0134,0x013c,0x013c,0x013c,0x013c,0x0150,0x0153,0x0150,0x0153,0x0159,0x015c,0x0160,0x0166,0x0169,0x016b,0x016c,0x016d,0x016d,0x0173,0x0173
NtReplaceKey,0x00e7,0x00e7,0x00e7,0x00e7,0x00e7,0x00e7,0x0139,0x0135,0x0135,0x0135,0x0135,0x013d,0x013d,0x013d,0x013d,0x0151,0x0154,0x0151,0x0154,0x015a,0x015d,0x0161,0x0167,0x016a,0x016c,0x016d,0x016e,0x016e,0x0174,0x0174
NtReplacePartitionUnit,,,,,,,,0x0136,0x0136,0x0136,0x0136,0x013e,0x013e,0x013e,0x013e,0x0152,0x0155,0x0152,0x0155,0x015b,0x015e,0x0162,0x0168,0x016b,0x016d,0x016e,0x016f,0x016f,0x0175,0x0175
NtReplyPort,0x0009,0x0009,0x0009,0x0009,0x0009,0x0009,0x0009,0x0009,0x0009,0x0009,0x0009,0x0009,0x0009,0x0009,0x0009,0x000a,0x000b,0x000a,0x000b,0x000c,0x000c,0x000c,0x000c,0x000c,0x000c,0x000c,0x000c,0x000c,0x000c,0x000c
NtReplyWaitReceivePort,0x0008,0x0008,0x0008,0x0008,0x0008,0x0008,0x0008,0x0008,0x0008,0x0008,0x0008,0x0008,0x0008,0x0008,0x0008,0x0009,0x000a,0x0009,0x000a,0x000b,0x000b,0x000b,0x000b,0x000b,0x000b,0x000b,0x000b,0x000b,0x000b,0x000b
NtReplyWaitReceivePortEx,0x0028,0x0028,0x0028,0x0028,0x0028,0x0028,0x0028,0x0028,0x0028,0x0028,0x0028,0x0028,0x0028,0x0028,0x0028,0x0029,0x002a,0x0029,0x002a,0x002b,0x002b,0x002b,0x002b,0x002b,0x002b,0x002b,0x002b,0x002b,0x002b,0x002b
NtReplyWaitReplyPort,0x00e8,0x00e8,0x00e8,0x00e8,0x00e8,0x00e8,0x013a,0x0137,0x0137,0x0137,0x0137,0x013f,0x013f,0x013f,0x013f,0x0153,0x0156,0x0153,0x0156,0x015c,0x015f,0x0163,0x0169,0x016c,0x016e,0x016f,0x0170,0x0170,0x0176,0x0176
NtRequestDeviceWakeup,0x00e9,0x00e9,0x00e9,0x00e9,0x00e9,0x00e9,0x013b,0x0138,0x0138,0x0086,0x0138,,,,,,,,,,,,,,,,,,,
NtRequestPort,0x00ea,0x00ea,0x00ea,0x00ea,0x00ea,0x00ea,0x013c,0x0139,0x0139,0x0139,0x0139,0x0140,0x0140,0x0140,0x0140,0x0154,0x0157,0x0154,0x0157,0x015d,0x0160,0x0164,0x016a,0x016d,0x016f,0x0170,0x0171,0x0171,0x0177,0x0177
NtRequestWaitReplyPort,0x001f,0x001f,0x001f,0x001f,0x001f,0x001f,0x001f,0x001f,0x001f,0x001f,0x001f,0x001f,0x001f,0x001f,0x001f,0x0020,0x0021,0x0020,0x0021,0x0022,0x0022,0x0022,0x0022,0x0022,0x0022,0x0022,0x0022,0x0022,0x0022,0x0022
NtRequestWakeupLatency,0x00eb,0x00eb,0x00eb,0x00eb,0x00eb,0x00eb,0x013d,0x013a,0x013a,0x013a,0x013a,,,,,,,,,,,,,,,,,,,
NtResetEvent,0x00ec,0x00ec,0x00ec,0x00ec,0x00ec,0x00ec,0x013e,0x013b,0x013b,0x013b,0x013b,0x0141,0x0141,0x0141,0x0141,0x0155,0x0158,0x0155,0x0158,0x015e,0x0161,0x0165,0x016b,0x016e,0x0170,0x0171,0x0172,0x0172,0x0178,0x0178
NtResetWriteWatch,0x00ed,0x00ed,0x00ed,0x00ed,0x00ed,0x00ed,0x013f,0x013c,0x013c,0x013c,0x013c,0x0142,0x0142,0x0142,0x0142,0x0156,0x0159,0x0156,0x0159,0x015f,0x0162,0x0166,0x016c,0x016f,0x0171,0x0172,0x0173,0x0173,0x0179,0x0179
NtRestoreKey,0x00ee,0x00ee,0x00ee,0x00ee,0x00ee,0x00ee,0x0140,0x013d,0x013d,0x013d,0x013d,0x0143,0x0143,0x0143,0x0143,0x0157,0x015a,0x0157,0x015a,0x0160,0x0163,0x0167,0x016d,0x0170,0x0172,0x0173,0x0174,0x0174,0x017a,0x017a
NtResumeProcess,0x00ef,0x00ef,0x00ef,0x00ef,0x00ef,0x00ef,0x0141,0x013e,0x013e,0x013e,0x013e,0x0144,0x0144,0x0144,0x0144,0x0158,0x015b,0x0158,0x015b,0x0161,0x0164,0x0168,0x016e,0x0171,0x0173,0x0174,0x0175,0x0175,0x017b,0x017b
NtResumeThread,0x004f,0x004f,0x004f,0x004f,0x004f,0x004f,0x004f,0x004f,0x004f,0x004f,0x004f,0x004f,0x004f,0x004f,0x004f,0x0050,0x0051,0x0050,0x0051,0x0052,0x0052,0x0052,0x0052,0x0052,0x0052,0x0052,0x0052,0x0052,0x0052,0x0052
NtRevertContainerImpersonation,,,,,,,,,,,,,,,,,,,,0x0162,0x0165,0x0169,0x016f,0x0172,0x0174,0x0175,0x0176,0x0176,0x017c,0x017c
NtRollbackComplete,,,,,,,0x0142,0x013f,0x013f,0x013f,0x013f,0x0145,0x0145,0x0145,0x0145,0x0159,0x015c,0x0159,0x015c,0x0163,0x0166,0x016a,0x0170,0x0173,0x0175,0x0176,0x0177,0x0177,0x017d,0x017d
NtRollbackEnlistment,,,,,,,0x0143,0x0140,0x0140,0x0140,0x0140,0x0146,0x0146,0x0146,0x0146,0x015a,0x015d,0x015a,0x015d,0x0164,0x0167,0x016b,0x0171,0x0174,0x0176,0x0177,0x0178,0x0178,0x017e,0x017e
NtRollbackRegistryTransaction,,,,,,,,,,,,,,,,,,,,,,0x016c,0x0172,0x0175,0x0177,0x0178,0x0179,0x0179,0x017f,0x017f
NtRollbackSavepointTransaction,,,,,,,0x0144,,,,,,,,,,,,,,,,,,,,,,,
NtRollbackTransaction,,,,,,,0x0145,0x0141,0x0141,0x0141,0x0141,0x0147,0x0147,0x0147,0x0147,0x015b,0x015e,0x015b,0x015e,0x0165,0x0168,0x016d,0x0173,0x0176,0x0178,0x0179,0x017a,0x017a,0x0180,0x0180
NtRollforwardTransactionManager,,,,,,,0x0146,0x0142,0x0142,0x0142,0x0142,0x0148,0x0148,0x0148,0x0148,0x015c,0x015f,0x015c,0x015f,0x0166,0x0169,0x016e,0x0174,0x0177,0x0179,0x017a,0x017b,0x017b,0x0181,0x0181
NtSaveKey,0x00f0,0x00f0,0x00f0,0x00f0,0x00f0,0x00f0,0x0147,0x0143,0x0143,0x0143,0x0143,0x0149,0x0149,0x0149,0x0149,0x015d,0x0160,0x015d,0x0160,0x0167,0x016a,0x016f,0x0175,0x0178,0x017a,0x017b,0x017c,0x017c,0x0182,0x0182
NtSaveKeyEx,0x00f1,0x00f1,0x00f1,0x00f1,0x00f1,0x00f1,0x0148,0x0144,0x0144,0x0144,0x0144,0x014a,0x014a,0x014a,0x014a,0x015e,0x0161,0x015e,0x0161,0x0168,0x016b,0x0170,0x0176,0x0179,0x017b,0x017c,0x017d,0x017d,0x0183,0x0183
NtSaveMergedKeys,0x00f2,0x00f2,0x00f2,0x00f2,0x00f2,0x00f2,0x0149,0x0145,0x0145,0x0145,0x0145,0x014b,0x014b,0x014b,0x014b,0x015f,0x0162,0x015f,0x0162,0x0169,0x016c,0x0171,0x0177,0x017a,0x017c,0x017d,0x017e,0x017e,0x0184,0x0184
NtSavepointComplete,,,,,,,0x014a,,,,,,,,,,,,,,,,,,,,,,,
NtSavepointTransaction,,,,,,,0x014b,,,,,,,,,,,,,,,,,,,,,,,
NtSecureConnectPort,0x00f3,0x00f3,0x00f3,0x00f3,0x00f3,0x00f3,0x014c,0x0146,0x0146,0x0146,0x0146,0x014c,0x014c,0x014c,0x014c,0x0160,0x0163,0x0160,0x0163,0x016a,0x016d,0x0172,0x0178,0x017b,0x017d,0x017e,0x017f,0x017f,0x0185,0x0185
NtSerializeBoot,,,,,,,,,,,,0x014d,0x014d,0x014d,0x014d,0x0161,0x0164,0x0161,0x0164,0x016b,0x016e,0x0173,0x0179,0x017c,0x017e,0x017f,0x0180,0x0180,0x0186,0x0186
NtSetBootEntryOrder,0x00f4,0x00f4,0x00f4,0x00f4,0x00f4,0x00f4,0x014d,0x0147,0x0147,0x0147,0x0147,0x014e,0x014e,0x014e,0x014e,0x0162,0x0165,0x0162,0x0165,0x016c,0x016f,0x0174,0x017a,0x017d,0x017f,0x0180,0x0181,0x0181,0x0187,0x0187
NtSetBootOptions,0x00f5,0x00f5,0x00f5,0x00f5,0x00f5,0x00f5,0x014e,0x0148,0x0148,0x0148,0x0148,0x014f,0x014f,0x014f,0x014f,0x0163,0x0166,0x0163,0x0166,0x016d,0x0170,0x0175,0x017b,0x017e,0x0180,0x0181,0x0182,0x0182,0x0188,0x0188
NtSetCachedSigningLevel,,,,,,,,,,,,,,,,0x0164,0x0167,0x0164,0x0167,0x016e,0x0171,0x0176,0x017c,0x017f,0x0181,0x0182,0x0183,0x0183,0x0189,0x0189
NtSetCachedSigningLevel2,,,,,,,,,,,,,,,,,,,,,,0x0177,0x017d,0x0180,0x0182,0x0183,0x0184,0x0184,0x018a,0x018a
NtSetContextThread,0x00f6,0x00f6,0x00f6,0x00f6,0x00f6,0x00f6,0x014f,0x0149,0x0149,0x0149,0x0149,0x0150,0x0150,0x0150,0x0150,0x0165,0x0168,0x0165,0x0168,0x016f,0x0172,0x0178,0x017e,0x0181,0x0183,0x0184,0x0185,0x0185,0x018b,0x018b
NtSetDebugFilterState,0x00f7,0x00f7,0x00f7,0x00f7,0x00f7,0x00f7,0x0150,0x014a,0x014a,0x014a,0x014a,0x0151,0x0151,0x0151,0x0151,0x0166,0x0169,0x0166,0x0169,0x0170,0x0173,0x0179,0x017f,0x0182,0x0184,0x0185,0x0186,0x0186,0x018c,0x018c
NtSetDefaultHardErrorPort,0x00f8,0x00f8,0x00f8,0x00f8,0x00f8,0x00f8,0x0151,0x014b,0x014b,0x014b,0x014b,0x0152,0x0152,0x0152,0x0152,0x0167,0x016a,0x0167,0x016a,0x0171,0x0174,0x017a,0x0180,0x0183,0x0185,0x0186,0x0187,0x0187,0x018d,0x018d
NtSetDefaultLocale,0x00f9,0x00f9,0x00f9,0x00f9,0x00f9,0x00f9,0x0152,0x014c,0x014c,0x014c,0x014c,0x0153,0x0153,0x0153,0x0153,0x0168,0x016b,0x0168,0x016b,0x0172,0x0175,0x017b,0x0181,0x0184,0x0186,0x0187,0x0188,0x0188,0x018e,0x018e
NtSetDefaultUILanguage,0x00fa,0x00fa,0x00fa,0x00fa,0x00fa,0x00fa,0x0153,0x014d,0x014d,0x014d,0x014d,0x0154,0x0154,0x0154,0x0154,0x0169,0x016c,0x0169,0x016c,0x0173,0x0176,0x017c,0x0182,0x0185,0x0187,0x0188,0x0189,0x0189,0x018f,0x018f
NtSetDriverEntryOrder,0x00fb,0x00fb,0x00fb,0x00fb,0x00fb,0x00fb,0x0154,0x014e,0x014e,0x014e,0x014e,0x0155,0x0155,0x0155,0x0155,0x016a,0x016d,0x016a,0x016d,0x0174,0x0177,0x017d,0x0183,0x0186,0x0188,0x0189,0x018a,0x018a,0x0190,0x0190
NtSetEaFile,0x00fc,0x00fc,0x00fc,0x00fc,0x00fc,0x00fc,0x0155,0x014f,0x014f,0x014f,0x014f,0x0156,0x0156,0x0156,0x0156,0x016b,0x016e,0x016b,0x016e,0x0175,0x0178,0x017e,0x0184,0x0187,0x0189,0x018a,0x018b,0x018b,0x0191,0x0191
NtSetEvent,0x000b,0x000b,0x000b,0x000b,0x000b,0x000b,0x000b,0x000b,0x000b,0x000b,0x000b,0x000b,0x000b,0x000b,0x000b,0x000c,0x000d,0x000c,0x000d,0x000e,0x000e,0x000e,0x000e,0x000e,0x000e,0x000e,0x000e,0x000e,0x000e,0x000e
NtSetEventBoostPriority,0x002a,0x002a,0x002a,0x002a,0x002a,0x002a,0x002a,0x002a,0x002a,0x002a,0x002a,0x002a,0x002a,0x002a,0x002a,0x002b,0x002c,0x002b,0x002c,0x002d,0x002d,0x002d,0x002d,0x002d,0x002d,0x002d,0x002d,0x002d,0x002d,0x002d
NtSetHighEventPair,0x00fd,0x00fd,0x00fd,0x00fd,0x00fd,0x00fd,0x0156,0x0150,0x0150,0x0150,0x0150,0x0157,0x0157,0x0157,0x0157,0x016c,0x016f,0x016c,0x016f,0x0176,0x0179,0x017f,0x0185,0x0188,0x018a,0x018b,0x018c,0x018c,0x0192,0x0192
NtSetHighWaitLowEventPair,0x00fe,0x00fe,0x00fe,0x00fe,0x00fe,0x00fe,0x0157,0x0151,0x0151,0x0151,0x0151,0x0158,0x0158,0x0158,0x0158,0x016d,0x0170,0x016d,0x0170,0x0177,0x017a,0x0180,0x0186,0x0189,0x018b,0x018c,0x018d,0x018d,0x0193,0x0193
NtSetIRTimer,,,,,,,,,,,,,,,,0x016e,0x0171,0x016e,0x0171,0x0178,0x017b,0x0181,0x0187,0x018a,0x018c,0x018d,0x018e,0x018e,0x0194,0x0194
NtSetInformationDebugObject,0x00ff,0x00ff,0x00ff,0x00ff,0x00ff,0x00ff,0x0158,0x0152,0x0152,0x0152,0x0152,0x0159,0x0159,0x0159,0x0159,0x016f,0x0172,0x016f,0x0172,0x0179,0x017c,0x0182,0x0188,0x018b,0x018d,0x018e,0x018f,0x018f,0x0195,0x0195
NtSetInformationEnlistment,,,,,,,0x0159,0x0153,0x0153,0x0153,0x0153,0x015a,0x015a,0x015a,0x015a,0x0170,0x0173,0x0170,0x0173,0x017a,0x017d,0x0183,0x0189,0x018c,0x018e,0x018f,0x0190,0x0190,0x0196,0x0196
NtSetInformationFile,0x0024,0x0024,0x0024,0x0024,0x0024,0x0024,0x0024,0x0024,0x0024,0x0024,0x0024,0x0024,0x0024,0x0024,0x0024,0x0025,0x0026,0x0025,0x0026,0x0027,0x0027,0x0027,0x0027,0x0027,0x0027,0x0027,0x0027,0x0027,0x0027,0x0027
NtSetInformationJobObject,0x0100,0x0100,0x0100,0x0100,0x0100,0x0100,0x015a,0x0154,0x0154,0x0154,0x0154,0x015b,0x015b,0x015b,0x015b,0x0171,0x0174,0x0171,0x0174,0x017b,0x017e,0x0184,0x018a,0x018d,0x018f,0x0190,0x0191,0x0191,0x0197,0x0197
NtSetInformationKey,0x0101,0x0101,0x0101,0x0101,0x0101,0x0101,0x015b,0x0155,0x0155,0x0155,0x0155,0x015c,0x015c,0x015c,0x015c,0x0172,0x0175,0x0172,0x0175,0x017c,0x017f,0x0185,0x018b,0x018e,0x0190,0x0191,0x0192,0x0192,0x0198,0x0198
NtSetInformationObject,0x0059,0x0059,0x0059,0x0059,0x0059,0x0059,0x0059,0x0059,0x0059,0x0059,0x0059,0x0059,0x0059,0x0059,0x0059,0x005a,0x005b,0x005a,0x005b,0x005c,0x005c,0x005c,0x005c,0x005c,0x005c,0x005c,0x005c,0x005c,0x005c,0x005c
NtSetInformationProcess,0x0019,0x0019,0x0019,0x0019,0x0019,0x0019,0x0019,0x0019,0x0019,0x0019,0x0019,0x0019,0x0019,0x0019,0x0019,0x001a,0x001b,0x001a,0x001b,0x001c,0x001c,0x001c,0x001c,0x001c,0x001c,0x001c,0x001c,0x001c,0x001c,0x001c
NtSetInformationResourceManager,,,,,,,0x015c,0x0156,0x0156,0x0156,0x0156,0x015d,0x015d,0x015d,0x015d,0x0173,0x0176,0x0173,0x0176,0x017d,0x0180,0x0186,0x018c,0x018f,0x0191,0x0192,0x0193,0x0193,0x0199,0x0199
NtSetInformationSymbolicLink,,,,,,,,,,,,,,,,,,,,0x017e,0x0181,0x0187,0x018d,0x0190,0x0192,0x0193,0x0194,0x0194,0x019a,0x019a
NtSetInformationThread,0x000a,0x000a,0x000a,0x000a,0x000a,0x000a,0x000a,0x000a,0x000a,0x000a,0x000a,0x000a,0x000a,0x000a,0x000a,0x000b,0x000c,0x000b,0x000c,0x000d,0x000d,0x000d,0x000d,0x000d,0x000d,0x000d,0x000d,0x000d,0x000d,0x000d
NtSetInformationToken,0x0102,0x0102,0x0102,0x0102,0x0102,0x0102,0x015d,0x0157,0x0157,0x0157,0x0157,0x015e,0x015e,0x015e,0x015e,0x0174,0x0177,0x0174,0x0177,0x017f,0x0182,0x0188,0x018e,0x0191,0x0193,0x0194,0x0195,0x0195,0x019b,0x019b
NtSetInformationTransaction,,,,,,,0x015e,0x0158,0x0158,0x0158,0x0158,0x015f,0x015f,0x015f,0x015f,0x0175,0x0178,0x0175,0x0178,0x0180,0x0183,0x0189,0x018f,0x0192,0x0194,0x0195,0x0196,0x0196,0x019c,0x019c
NtSetInformationTransactionManager,,,,,,,0x015f,0x0159,0x0159,0x0159,0x0159,0x0160,0x0160,0x0160,0x0160,0x0176,0x0179,0x0176,0x0179,0x0181,0x0184,0x018a,0x0190,0x0193,0x0195,0x0196,0x0197,0x0197,0x019d,0x019d
NtSetInformationVirtualMemory,,,,,,,,,,,,,,,,0x0177,0x017a,0x0177,0x017a,0x0182,0x0185,0x018b,0x0191,0x0194,0x0196,0x0197,0x0198,0x0198,0x019e,0x019e
NtSetInformationWorkerFactory,,,,,,,0x0160,0x015a,0x015a,0x015a,0x015a,0x0161,0x0161,0x0161,0x0161,0x0178,0x017b,0x0178,0x017b,0x0183,0x0186,0x018c,0x0192,0x0195,0x0197,0x0198,0x0199,0x0199,0x019f,0x019f
NtSetIntervalProfile,0x0103,0x0103,0x0103,0x0103,0x0103,0x0103,0x0161,0x015b,0x015b,0x015b,0x015b,0x0162,0x0162,0x0162,0x0162,0x0179,0x017c,0x0179,0x017c,0x0184,0x0187,0x018d,0x0193,0x0196,0x0198,0x0199,0x019a,0x019a,0x01a0,0x01a0
NtSetIoCompletion,0x0104,0x0104,0x0104,0x0104,0x0104,0x0104,0x0162,0x015c,0x015c,0x015c,0x015c,0x0163,0x0163,0x0163,0x0163,0x017a,0x017d,0x017a,0x017d,0x0185,0x0188,0x018e,0x0194,0x0197,0x0199,0x019a,0x019b,0x019b,0x01a1,0x01a1
NtSetIoCompletionEx,,,,,,,,,,,,0x0164,0x0164,0x0164,0x0164,0x017b,0x017e,0x017b,0x017e,0x0186,0x0189,0x018f,0x0195,0x0198,0x019a,0x019b,0x019c,0x019c,0x01a2,0x01a2
NtSetLdtEntries,0x0105,0x0105,0x0105,0x0105,0x0105,0x0105,0x0163,0x015d,0x015d,0x015d,0x015d,0x0165,0x0165,0x0165,0x0165,0x017c,0x017f,0x017c,0x017f,0x0187,0x018a,0x0190,0x0196,0x0199,0x019b,0x019c,0x019d,0x019d,0x01a3,0x01a3
NtSetLowEventPair,0x0106,0x0106,0x0106,0x0106,0x0106,0x0106,0x0164,0x015e,0x015e,0x015e,0x015e,0x0166,0x0166,0x0166,0x0166,0x017d,0x0180,0x017d,0x0180,0x0188,0x018b,0x0191,0x0197,0x019a,0x019c,0x019d,0x019e,0x019e,0x01a4,0x01a4
NtSetLowWaitHighEventPair,0x0107,0x0107,0x0107,0x0107,0x0107,0x0107,0x0165,0x015f,0x015f,0x015f,0x015f,0x0167,0x0167,0x0167,0x0167,0x017e,0x0181,0x017e,0x0181,0x0189,0x018c,0x0192,0x0198,0x019b,0x019d,0x019e,0x019f,0x019f,0x01a5,0x01a5
NtSetQuotaInformationFile,0x0108,0x0108,0x0108,0x0108,0x0108,0x0108,0x0166,0x0160,0x0160,0x0160,0x0160,0x0168,0x0168,0x0168,0x0168,0x017f,0x0182,0x017f,0x0182,0x018a,0x018d,0x0193,0x0199,0x019c,0x019e,0x019f,0x01a0,0x01a0,0x01a6,0x01a6
NtSetSecurityObject,0x0109,0x0109,0x0109,0x0109,0x0109,0x0109,0x0167,0x0161,0x0161,0x0161,0x0161,0x0169,0x0169,0x0169,0x0169,0x0180,0x0183,0x0180,0x0183,0x018b,0x018e,0x0194,0x019a,0x019d,0x019f,0x01a0,0x01a1,0x01a1,0x01a7,0x01a7
NtSetSystemEnvironmentValue,0x010a,0x010a,0x010a,0x010a,0x010a,0x010a,0x0168,0x0162,0x0162,0x0162,0x0162,0x016a,0x016a,0x016a,0x016a,0x0181,0x0184,0x0181,0x0184,0x018c,0x018f,0x0195,0x019b,0x019e,0x01a0,0x01a1,0x01a2,0x01a2,0x01a8,0x01a8
NtSetSystemEnvironmentValueEx,0x010b,0x010b,0x010b,0x010b,0x010b,0x010b,0x0169,0x0163,0x0163,0x0163,0x0163,0x016b,0x016b,0x016b,0x016b,0x0182,0x0185,0x0182,0x0185,0x018d,0x0190,0x0196,0x019c,0x019f,0x01a1,0x01a2,0x01a3,0x01a3,0x01a9,0x01a9
NtSetSystemInformation,0x010c,0x010c,0x010c,0x010c,0x010c,0x010c,0x016a,0x0164,0x0164,0x0164,0x0164,0x016c,0x016c,0x016c,0x016c,0x0183,0x0186,0x0183,0x0186,0x018e,0x0191,0x0197,0x019d,0x01a0,0x01a2,0x01a3,0x01a4,0x01a4,0x01aa,0x01aa
NtSetSystemPowerState,0x010d,0x010d,0x010d,0x010d,0x010d,0x010d,0x016b,0x0165,0x0165,0x0165,0x0165,0x016d,0x016d,0x016d,0x016d,0x0184,0x0187,0x0184,0x0187,0x018f,0x0192,0x0198,0x019e,0x01a1,0x01a3,0x01a4,0x01a5,0x01a5,0x01ab,0x01ab
NtSetSystemTime,0x010e,0x010e,0x010e,0x010e,0x010e,0x010e,0x016c,0x0166,0x0166,0x0166,0x0166,0x016e,0x016e,0x016e,0x016e,0x0185,0x0188,0x0185,0x0188,0x0190,0x0193,0x0199,0x019f,0x01a2,0x01a4,0x01a5,0x01a6,0x01a6,0x01ac,0x01ac
NtSetThreadExecutionState,0x010f,0x010f,0x010f,0x010f,0x010f,0x010f,0x016d,0x0167,0x0167,0x0167,0x0167,0x016f,0x016f,0x016f,0x016f,0x0186,0x0189,0x0186,0x0189,0x0191,0x0194,0x019a,0x01a0,0x01a3,0x01a5,0x01a6,0x01a7,0x01a7,0x01ad,0x01ad
NtSetTimer,0x005f,0x005f,0x005f,0x005f,0x005f,0x005f,0x005f,0x005f,0x005f,0x005f,0x005f,0x005f,0x005f,0x005f,0x005f,0x0060,0x0061,0x0060,0x0061,0x0062,0x0062,0x0062,0x0062,0x0062,0x0062,0x0062,0x0062,0x0062,0x0062,0x0062
NtSetTimer2,,,,,,,,,,,,,,,,,0x018a,,0x018a,0x0192,0x0195,0x019b,0x01a1,0x01a4,0x01a6,0x01a7,0x01a8,0x01a8,0x01ae,0x01ae
NtSetTimerEx,,,,,,,,,,,,0x0170,0x0170,0x0170,0x0170,0x0187,0x018b,0x0187,0x018b,0x0193,0x0196,0x019c,0x01a2,0x01a5,0x01a7,0x01a8,0x01a9,0x01a9,0x01af,0x01af
NtSetTimerResolution,0x0110,0x0110,0x0110,0x0110,0x0110,0x0110,0x016e,0x0168,0x0168,0x0168,0x0168,0x0171,0x0171,0x0171,0x0171,0x0188,0x018c,0x0188,0x018c,0x0194,0x0197,0x019d,0x01a3,0x01a6,0x01a8,0x01a9,0x01aa,0x01aa,0x01b0,0x01b0
NtSetUuidSeed,0x0111,0x0111,0x0111,0x0111,0x0111,0x0111,0x016f,0x0169,0x0169,0x0169,0x0169,0x0172,0x0172,0x0172,0x0172,0x0189,0x018d,0x0189,0x018d,0x0195,0x0198,0x019e,0x01a4,0x01a7,0x01a9,0x01aa,0x01ab,0x01ab,0x01b1,0x01b1
NtSetValueKey,0x005d,0x005d,0x005d,0x005d,0x005d,0x005d,0x005d,0x005d,0x005d,0x005d,0x005d,0x005d,0x005d,0x005d,0x005d,0x005e,0x005f,0x005e,0x005f,0x0060,0x0060,0x0060,0x0060,0x0060,0x0060,0x0060,0x0060,0x0060,0x0060,0x0060
NtSetVolumeInformationFile,0x0112,0x0112,0x0112,0x0112,0x0112,0x0112,0x0170,0x016a,0x016a,0x016a,0x016a,0x0173,0x0173,0x0173,0x0173,0x018a,0x018e,0x018a,0x018e,0x0196,0x0199,0x019f,0x01a5,0x01a8,0x01aa,0x01ab,0x01ac,0x01ac,0x01b2,0x01b2
NtSetWnfProcessNotificationEvent,,,,,,,,,,,,,,,,,0x018f,,0x018f,0x0197,0x019a,0x01a0,0x01a6,0x01a9,0x01ab,0x01ac,0x01ad,0x01ad,0x01b3,0x01b3
NtShutdownSystem,0x0113,0x0113,0x0113,0x0113,0x0113,0x0113,0x0171,0x016b,0x016b,0x016b,0x016b,0x0174,0x0174,0x0174,0x0174,0x018b,0x0190,0x018b,0x0190,0x0198,0x019b,0x01a1,0x01a7,0x01aa,0x01ac,0x01ad,0x01ae,0x01ae,0x01b4,0x01b4
NtShutdownWorkerFactory,,,,,,,0x0172,0x016c,0x016c,0x016c,0x016c,0x0175,0x0175,0x0175,0x0175,0x018c,0x0191,0x018c,0x0191,0x0199,0x019c,0x01a2,0x01a8,0x01ab,0x01ad,0x01ae,0x01af,0x01af,0x01b5,0x01b5
NtSignalAndWaitForSingleObject,0x0114,0x0114,0x0114,0x0114,0x0114,0x0114,0x0173,0x016d,0x016d,0x016d,0x016d,0x0176,0x0176,0x0176,0x0176,0x018d,0x0192,0x018d,0x0192,0x019a,0x019d,0x01a3,0x01a9,0x01ac,0x01ae,0x01af,0x01b0,0x01b0,0x01b6,0x01b6
NtSinglePhaseReject,,,,,,,0x0174,0x016e,0x016e,0x016e,0x016e,0x0177,0x0177,0x0177,0x0177,0x018e,0x0193,0x018e,0x0193,0x019b,0x019e,0x01a4,0x01aa,0x01ad,0x01af,0x01b0,0x01b1,0x01b1,0x01b7,0x01b7
NtStartProfile,0x0115,0x0115,0x0115,0x0115,0x0115,0x0115,0x0175,0x016f,0x016f,0x016f,0x016f,0x0178,0x0178,0x0178,0x0178,0x018f,0x0194,0x018f,0x0194,0x019c,0x019f,0x01a5,0x01ab,0x01ae,0x01b0,0x01b1,0x01b2,0x01b2,0x01b8,0x01b8
NtStartTm,,,,,,,0x0176,,,,,,,,,,,,,,,,,,,,,,,
NtStopProfile,0x0116,0x0116,0x0116,0x0116,0x0116,0x0116,0x0177,0x0170,0x0170,0x0170,0x0170,0x0179,0x0179,0x0179,0x0179,0x0190,0x0195,0x0190,0x0195,0x019d,0x01a0,0x01a6,0x01ac,0x01af,0x01b1,0x01b2,0x01b3,0x01b3,0x01b9,0x01b9
NtSubscribeWnfStateChange,,,,,,,,,,,,,,,,0x0191,0x0196,0x0191,0x0196,0x019e,0x01a1,0x01a7,0x01ad,0x01b0,0x01b2,0x01b3,0x01b4,0x01b4,0x01ba,0x01ba
NtSuspendProcess,0x0117,0x0117,0x0117,0x0117,0x0117,0x0117,0x0178,0x0171,0x0171,0x0171,0x0171,0x017a,0x017a,0x017a,0x017a,0x0192,0x0197,0x0192,0x0197,0x019f,0x01a2,0x01a8,0x01ae,0x01b1,0x01b3,0x01b4,0x01b5,0x01b5,0x01bb,0x01bb
NtSuspendThread,0x0118,0x0118,0x0118,0x0118,0x0118,0x0118,0x0179,0x0172,0x0172,0x0172,0x0172,0x017b,0x017b,0x017b,0x017b,0x0193,0x0198,0x0193,0x0198,0x01a0,0x01a3,0x01a9,0x01af,0x01b2,0x01b4,0x01b5,0x01b6,0x01b6,0x01bc,0x01bc
NtSystemDebugControl,0x0119,0x0119,0x0119,0x0119,0x0119,0x0119,0x017a,0x0173,0x0173,0x0173,0x0173,0x017c,0x017c,0x017c,0x017c,0x0194,0x0199,0x0194,0x0199,0x01a1,0x01a4,0x01aa,0x01b0,0x01b3,0x01b5,0x01b6,0x01b7,0x01b7,0x01bd,0x01bd
NtTerminateEnclave,,,,,,,,,,,,,,,,,,,,,,,,0x01b4,0x01b6,0x01b7,0x01b8,0x01b8,0x01be,0x01be
NtTerminateJobObject,0x011a,0x011a,0x011a,0x011a,0x011a,0x011a,0x017b,0x0174,0x0174,0x0174,0x0174,0x017d,0x017d,0x017d,0x017d,0x0195,0x019a,0x0195,0x019a,0x01a2,0x01a5,0x01ab,0x01b1,0x01b5,0x01b7,0x01b8,0x01b9,0x01b9,0x01bf,0x01bf
NtTerminateProcess,0x0029,0x0029,0x0029,0x0029,0x0029,0x0029,0x0029,0x0029,0x0029,0x0029,0x0029,0x0029,0x0029,0x0029,0x0029,0x002a,0x002b,0x002a,0x002b,0x002c,0x002c,0x002c,0x002c,0x002c,0x002c,0x002c,0x002c,0x002c,0x002c,0x002c
NtTerminateThread,0x0050,0x0050,0x0050,0x0050,0x0050,0x0050,0x0050,0x0050,0x0050,0x0050,0x0050,0x0050,0x0050,0x0050,0x0050,0x0051,0x0052,0x0051,0x0052,0x0053,0x0053,0x0053,0x0053,0x0053,0x0053,0x0053,0x0053,0x0053,0x0053,0x0053
NtTestAlert,0x011b,0x011b,0x011b,0x011b,0x011b,0x011b,0x017c,0x0175,0x0175,0x0175,0x0175,0x017e,0x017e,0x017e,0x017e,0x0196,0x019b,0x0196,0x019b,0x01a3,0x01a6,0x01ac,0x01b2,0x01b6,0x01b8,0x01b9,0x01ba,0x01ba,0x01c0,0x01c0
NtThawRegistry,,,,,,,0x017d,0x0176,0x0176,0x0176,0x0176,0x017f,0x017f,0x017f,0x017f,0x0197,0x019c,0x0197,0x019c,0x01a4,0x01a7,0x01ad,0x01b3,0x01b7,0x01b9,0x01ba,0x01bb,0x01bb,0x01c1,0x01c1
NtThawTransactions,,,,,,,0x017e,0x0177,0x0177,0x0177,0x0177,0x0180,0x0180,0x0180,0x0180,0x0198,0x019d,0x0198,0x019d,0x01a5,0x01a8,0x01ae,0x01b4,0x01b8,0x01ba,0x01bb,0x01bc,0x01bc,0x01c2,0x01c2
NtTraceControl,,,,,,,0x017f,0x0178,0x0178,0x0178,0x0178,0x0181,0x0181,0x0181,0x0181,0x0199,0x019e,0x0199,0x019e,0x01a6,0x01a9,0x01af,0x01b5,0x01b9,0x01bb,0x01bc,0x01bd,0x01bd,0x01c3,0x01c3
NtTraceEvent,0x005b,0x005b,0x005b,0x005b,0x005b,0x005b,0x005b,0x005b,0x005b,0x005b,0x005b,0x005b,0x005b,0x005b,0x005b,0x005c,0x005d,0x005c,0x005d,0x005e,0x005e,0x005e,0x005e,0x005e,0x005e,0x005e,0x005e,0x005e,0x005e,0x005e
NtTranslateFilePath,0x011c,0x011c,0x011c,0x011c,0x011c,0x011c,0x0180,0x0179,0x0179,0x0179,0x0179,0x0182,0x0182,0x0182,0x0182,0x019a,0x019f,0x019a,0x019f,0x01a7,0x01aa,0x01b0,0x01b6,0x01ba,0x01bc,0x01bd,0x01be,0x01be,0x01c4,0x01c4
NtUmsThreadYield,,,,,,,,,,,,0x0183,0x0183,0x0183,0x0183,0x019b,0x01a0,0x019b,0x01a0,0x01a8,0x01ab,0x01b1,0x01b7,0x01bb,0x01bd,0x01be,0x01bf,0x01bf,0x01c5,0x01c5
NtUnloadDriver,0x011d,0x011d,0x011d,0x011d,0x011d,0x011d,0x0181,0x017a,0x017a,0x017a,0x017a,0x0184,0x0184,0x0184,0x0184,0x019c,0x01a1,0x019c,0x01a1,0x01a9,0x01ac,0x01b2,0x01b8,0x01bc,0x01be,0x01bf,0x01c0,0x01c0,0x01c6,0x01c6
NtUnloadKey,0x011e,0x011e,0x011e,0x011e,0x011e,0x011e,0x0182,0x017b,0x017b,0x017b,0x017b,0x0185,0x0185,0x0185,0x0185,0x019d,0x01a2,0x019d,0x01a2,0x01aa,0x01ad,0x01b3,0x01b9,0x01bd,0x01bf,0x01c0,0x01c1,0x01c1,0x01c7,0x01c7
NtUnloadKey2,0x011f,0x011f,0x011f,0x011f,0x011f,0x011f,0x0183,0x017c,0x017c,0x017c,0x017c,0x0186,0x0186,0x0186,0x0186,0x019e,0x01a3,0x019e,0x01a3,0x01ab,0x01ae,0x01b4,0x01ba,0x01be,0x01c0,0x01c1,0x01c2,0x01c2,0x01c8,0x01c8
NtUnloadKeyEx,0x0120,0x0120,0x0120,0x0120,0x0120,0x0120,0x0184,0x017d,0x017d,0x017d,0x017d,0x0187,0x0187,0x0187,0x0187,0x019f,0x01a4,0x019f,0x01a4,0x01ac,0x01af,0x01b5,0x01bb,0x01bf,0x01c1,0x01c2,0x01c3,0x01c3,0x01c9,0x01c9
NtUnlockFile,0x0121,0x0121,0x0121,0x0121,0x0121,0x0121,0x0185,0x017e,0x017e,0x017e,0x017e,0x0188,0x0188,0x0188,0x0188,0x01a0,0x01a5,0x01a0,0x01a5,0x01ad,0x01b0,0x01b6,0x01bc,0x01c0,0x01c2,0x01c3,0x01c4,0x01c4,0x01ca,0x01ca
NtUnlockVirtualMemory,0x0122,0x0122,0x0122,0x0122,0x0122,0x0122,0x0186,0x017f,0x017f,0x017f,0x017f,0x0189,0x0189,0x0189,0x0189,0x01a1,0x01a6,0x01a1,0x01a6,0x01ae,0x01b1,0x01b7,0x01bd,0x01c1,0x01c3,0x01c4,0x01c5,0x01c5,0x01cb,0x01cb
NtUnmapViewOfSection,0x0027,0x0027,0x0027,0x0027,0x0027,0x0027,0x0027,0x0027,0x0027,0x0027,0x0027,0x0027,0x0027,0x0027,0x0027,0x0028,0x0029,0x0028,0x0029,0x002a,0x002a,0x002a,0x002a,0x002a,0x002a,0x002a,0x002a,0x002a,0x002a,0x002a
NtUnmapViewOfSectionEx,,,,,,,,,,,,,,,,0x01a2,0x01a7,0x01a2,0x01a7,0x01af,0x01b2,0x01b8,0x01be,0x01c2,0x01c4,0x01c5,0x01c6,0x01c6,0x01cc,0x01cc
NtUnsubscribeWnfStateChange,,,,,,,,,,,,,,,,0x01a3,0x01a8,0x01a3,0x01a8,0x01b0,0x01b3,0x01b9,0x01bf,0x01c3,0x01c5,0x01c6,0x01c7,0x01c7,0x01cd,0x01cd
NtUpdateWnfStateData,,,,,,,,,,,,,,,,0x01a4,0x01a9,0x01a4,0x01a9,0x01b1,0x01b4,0x01ba,0x01c0,0x01c4,0x01c6,0x01c7,0x01c8,0x01c8,0x01ce,0x01ce
NtVdmControl,0x0123,0x0123,0x0123,0x0123,0x0123,0x0123,0x0187,0x0180,0x0180,0x0180,0x0180,0x018a,0x018a,0x018a,0x018a,0x01a5,0x01aa,0x01a5,0x01aa,0x01b2,0x01b5,0x01bb,0x01c1,0x01c5,0x01c7,0x01c8,0x01c9,0x01c9,0x01cf,0x01cf
NtWaitForAlertByThreadId,,,,,,,,,,,,,,,,0x01a6,0x01ab,0x01a6,0x01ab,0x01b3,0x01b6,0x01bc,0x01c2,0x01c6,0x01c8,0x01c9,0x01ca,0x01ca,0x01d0,0x01d0
NtWaitForDebugEvent,0x0124,0x0124,0x0124,0x0124,0x0124,0x0124,0x0188,0x0181,0x0181,0x0181,0x0181,0x018b,0x018b,0x018b,0x018b,0x01a7,0x01ac,0x01a7,0x01ac,0x01b4,0x01b7,0x01bd,0x01c3,0x01c7,0x01c9,0x01ca,0x01cb,0x01cb,0x01d1,0x01d1
NtWaitForKeyedEvent,0x0125,0x0125,0x0125,0x0125,0x0125,0x0125,0x0189,0x0182,0x0182,0x0182,0x0182,0x018c,0x018c,0x018c,0x018c,0x01a8,0x01ad,0x01a8,0x01ad,0x01b5,0x01b8,0x01be,0x01c4,0x01c8,0x01ca,0x01cb,0x01cc,0x01cc,0x01d2,0x01d2
NtWaitForMultipleObjects,0x0058,0x0058,0x0058,0x0058,0x0058,0x0058,0x0058,0x0058,0x0058,0x0058,0x0058,0x0058,0x0058,0x0058,0x0058,0x0059,0x005a,0x0059,0x005a,0x005b,0x005b,0x005b,0x005b,0x005b,0x005b,0x005b,0x005b,0x005b,0x005b,0x005b
NtWaitForMultipleObjects32,0x0017,0x0017,0x0017,0x0017,0x0017,0x0017,0x0017,0x0017,0x0017,0x0017,0x0017,0x0017,0x0017,0x0017,0x0017,0x0018,0x0019,0x0018,0x0019,0x001a,0x001a,0x001a,0x001a,0x001a,0x001a,0x001a,0x001a,0x001a,0x001a,0x001a
NtWaitForSingleObject,0x0001,0x0001,0x0001,0x0001,0x0001,0x0001,0x0001,0x0001,0x0001,0x0001,0x0001,0x0001,0x0001,0x0001,0x0001,0x0002,0x0003,0x0002,0x0003,0x0004,0x0004,0x0004,0x0004,0x0004,0x0004,0x0004,0x0004,0x0004,0x0004,0x0004
NtWaitForWnfNotifications,,,,,,,,,,,,,,,,0x01a9,,0x01a9,,,,,,,,,,,,
NtWaitForWorkViaWorkerFactory,,,,,,,0x018a,0x0183,0x0183,0x0183,0x0183,0x018d,0x018d,0x018d,0x018d,0x01aa,0x01ae,0x01aa,0x01ae,0x01b6,0x01b9,0x01bf,0x01c5,0x01c9,0x01cb,0x01cc,0x01cd,0x01cd,0x01d3,0x01d3
NtWaitHighEventPair,0x0126,0x0126,0x0126,0x0126,0x0126,0x0126,0x018b,0x0184,0x0184,0x0184,0x0184,0x018e,0x018e,0x018e,0x018e,0x01ab,0x01af,0x01ab,0x01af,0x01b7,0x01ba,0x01c0,0x01c6,0x01ca,0x01cc,0x01cd,0x01ce,0x01ce,0x01d4,0x01d4
NtWaitLowEventPair,0x0127,0x0127,0x0127,0x0127,0x0127,0x0127,0x018c,0x0185,0x0185,0x0185,0x0185,0x018f,0x018f,0x018f,0x018f,0x01ac,0x01b0,0x01ac,0x01b0,0x01b8,0x01bb,0x01c1,0x01c7,0x01cb,0x01cd,0x01ce,0x01cf,0x01cf,0x01d5,0x01d5
NtWorkerFactoryWorkerReady,,,,,,,0x018d,0x0186,0x0186,0x0186,0x0186,0x0190,0x0190,0x0190,0x0190,0x0000,0x0000,0x0000,0x0000,0x0001,0x0001,0x0001,0x0001,0x0001,0x0001,0x0001,0x0001,0x0001,0x0001,0x0001
NtWriteFile,0x0005,0x0005,0x0005,0x0005,0x0005,0x0005,0x0005,0x0005,0x0005,0x0005,0x0005,0x0005,0x0005,0x0005,0x0005,0x0006,0x0007,0x0006,0x0007,0x0008,0x0008,0x0008,0x0008,0x0008,0x0008,0x0008,0x0008,0x0008,0x0008,0x0008
NtWriteFileGather,0x0018,0x0018,0x0018,0x0018,0x0018,0x0018,0x0018,0x0018,0x0018,0x0018,0x0018,0x0018,0x0018,0x0018,0x0018,0x0019,0x001a,0x0019,0x001a,0x001b,0x001b,0x001b,0x001b,0x001b,0x001b,0x001b,0x001b,0x001b,0x001b,0x001b
NtWriteRequestData,0x0054,0x0054,0x0054,0x0054,0x0054,0x0054,0x0054,0x0054,0x0054,0x0054,0x0054,0x0054,0x0054,0x0054,0x0054,0x0055,0x0056,0x0055,0x0056,0x0057,0x0057,0x0057,0x0057,0x0057,0x0057,0x0057,0x0057,0x0057,0x0057,0x0057
NtWriteVirtualMemory,0x0037,0x0037,0x0037,0x0037,0x0037,0x0037,0x0037,0x0037,0x0037,0x0037,0x0037,0x0037,0x0037,0x0037,0x0037,0x0038,0x0039,0x0038,0x0039,0x003a,0x003a,0x003a,0x003a,0x003a,0x003a,0x003a,0x003a,0x003a,0x003a,0x003a
NtYieldExecution,0x0043,0x0043,0x0043,0x0043,0x0043,0x0043,0x0043,0x0043,0x0043,0x0043,0x0043,0x0043,0x0043,0x0043,0x0043,0x0044,0x0045,0x0044,0x0045,0x0046,0x0046,0x0046,0x0046,0x0046,0x0046,0x0046,0x0046,0x0046,0x0046,0x0046
